Name_ID,BlockGp_ID,Final_Prioity_Score,OSDS_count,Soil_Suitability_Rank,SLR_Rank,WELLCZ_Rank,dist2_coast_m_Rank,dist2_Strm_Wtlnd_m_Rank,rainfall_in_Rank,dist2_MunWells_m_Rank,dist2_DomWells_m_Rank,Dep_to_Water_m_Rank,OSDS_Density_perAcre_Rank,Swim_beach_Rank,UserDays_Rank,Fish_Rank,Coral_Rank,Wave_pwr_Rank,In_2017_CP_zone,Final_Cat_Ranking,Fin_Rank
Oahu: : BkGp#9: CPs=392,9,111.54490708075949,392,73.94330174927062,300.0,0.0,82.96896721851603,61.20616135562269,101.93685553630044,16.27661589732879,38.81100731480786,400.0,399.5590085526765,0.0,9.156368196436105,0.0,0.0,189.31532039043194,1.0,High,1.0
Oahu: : BkGp#11: CPs=33,11,116.20836673960038,33,37.9079797979798,242.1818181818182,0.0,125.66220222607726,174.72808018242836,76.15651564133144,66.58776608477979,46.12588684777612,387.73783262364174,104.54090243858192,66.66666666666667,87.55743760699163,171.0,72.0,84.27241279593333,1.0,High,1.0
Oahu: : BkGp#13: CPs=39,13,90.51243703277653,39,35.50461538461538,128.15384615384616,0.0,299.1711283917665,14.11609247628729,89.17499101239882,38.628640126158686,18.919155474129436,324.3785213129201,174.434427198911,0.0,38.68262560036593,99.0,0.0,97.52251236024874,0.717948717948718,Medium,2.0
Oahu: : BkGp#27: CPs=47,27,97.27559856790964,47,60.24565349544075,216.63829787234042,0.0,110.50067495850482,103.14440906288516,98.18182895476376,58.5800080732433,218.0745081771129,382.28477251284386,98.76431549622849,0.0,3.8082786833393047,0.0,0.0,108.9112312319417,0.0,Medium,2.0
BI: : BkGp#42: CPs=66,42,103.86747667911487,66,63.87997113997109,221.1818181818182,0.0,78.26382187073135,174.44292229518533,19.161102805748683,36.872037031449686,69.90578753953511,378.01166289630163,194.5364386703111,0.0,197.47725020272097,1.5,0.0,122.77933755295041,1.0,Medium,2.0
BI: : BkGp#43: CPs=453,43,96.79593098087446,453,57.45543992431379,0.0,0.0,29.591062154857177,69.05800557912335,18.575451913268363,88.47063801578807,157.99981313674385,108.40411129051765,388.9552481787361,27.814569536423843,36.07138403376262,126.97350993377484,278.1456953642384,64.42403565156992,1.0,Medium,2.0
BI: : BkGp#45: CPs=202,45,72.30301521546225,202,82.71852899575667,0.0,0.0,59.81877663546577,80.16390513102934,18.26116025834662,60.42026602521127,69.58525390437961,132.2016182661434,340.46478517647864,0.0,72.5922146228495,39.20792079207921,0.0,129.11079842419304,1.0,Low,3.0
BI: : BkGp#46: CPs=133,46,117.87767371342495,133,66.88666666666659,230.95488721804512,0.0,137.30497496922985,16.68696156900041,20.718525121012803,18.639961637999523,24.85192502059368,387.8281292742095,298.5401591690046,16.541353383458645,16.553276153714332,187.57894736842104,293.09774436090225,51.981593789115685,1.0,High,1.0
BI: : BkGp#47: CPs=297,47,66.17596535551061,297,65.35577040243727,69.88888888888889,0.0,51.85145617994526,21.17048976677013,19.824273550567913,59.36864182948861,44.19089004053105,201.4888470758249,127.41513017702721,47.81144781144781,17.768033823534225,62.333333333333336,169.97979797979798,34.1924794730655,0.37373737373737376,Low,3.0
Oahu: : BkGp#66: CPs=120,66,96.11012269139518,120,57.577734126984105,76.55,0.0,319.0039788815989,10.61079035842923,93.40730187107339,32.74684512179877,19.557818467656723,300.35914757005395,239.1950952126293,0.0,117.17872481004268,99.0,0.0,76.46440395066102,1.0,Medium,2.0
Oahu: : BkGp#69: CPs=31,69,100.4320929569134,31,54.64792626728112,154.83870967741936,0.0,326.1163423387979,13.525217769313127,100.84173874035501,33.38333503335566,22.737979709833343,301.7051675861654,116.9947016328213,0.0,193.73381501966173,99.0,0.0,88.95646057869708,1.0,Medium,2.0
Oahu: : BkGp#70: CPs=74,70,102.96678530031187,74,51.40893178893177,61.66216216216216,0.0,112.88799954681505,71.70159274415802,97.89252616771795,49.11273947176403,160.205743866992,322.12990010319334,158.16879052803904,200.0,43.67717568906859,99.0,0.0,116.65421743583566,0.0,Medium,2.0
Oahu: : BkGp#71: CPs=138,71,97.05496503842554,138,38.44337819185647,37.630434782608695,0.0,62.39320327870283,112.33237067190045,86.58603595778033,106.56854547049824,92.84880303141588,164.5706121836723,231.28546796431945,184.05797101449275,26.675859295327548,99.0,92.54347826086956,120.88831547293931,0.0,Medium,2.0
Oahu: : BkGp#78: CPs=51,78,75.05384965373271,51,57.629859943977536,110.6470588235294,0.0,58.1923054619886,20.817125085368474,101.33791825217989,21.392385221144725,55.92589933018727,363.9210409538347,175.08881221055907,0.0,8.468878135991753,0.0,3.8823529411764706,148.50410844605267,1.0,Low,3.0
Oahu: : BkGp#79: CPs=47,79,69.600052714648,47,53.199999999999996,0.0,0.0,57.699260607483346,23.770459907511565,101.80782739959166,30.585906055694654,59.83274622143905,324.8540654259172,204.1881326817449,0.0,10.303017523142772,0.0,50.5531914893617,127.20618340783285,1.0,Low,3.0
Oahu: : BkGp#84: CPs=142,84,100.85371786063173,142,41.309295774647865,170.30281690140845,0.0,259.0930871197262,112.30733486218519,40.68540392946711,29.722126359737143,47.87985531317864,326.04857862514797,74.79736871960014,0.0,57.43798768827039,76.69014084507042,79.47887323943662,197.0528985316002,0.0,Medium,2.0
BI: : BkGp#90: CPs=454,90,96.70862231729657,454,65.17471365638798,0.0,0.0,34.31860986523599,61.37592812561097,19.397312189688417,87.80990631779528,105.17542496400029,174.3098959543612,342.7475802433899,36.12334801762115,34.25383006684356,136.94273127753303,292.9030837004405,60.096970380542174,0.9823788546255506,Medium,2.0
BI: : BkGp#91: CPs=431,91,71.71597727215877,431,66.63966854491255,0.0,0.0,35.68828590277609,26.096952723409178,17.884083414867796,63.05347100255839,73.22530781409425,70.76352379592451,399.7794835604016,0.0,187.08606301982874,28.25290023201856,0.0,107.26991907159079,1.0,Low,3.0
BI: : BkGp#92: CPs=698,92,77.44900279958195,698,64.72747032337314,0.0,0.0,36.56353256055785,18.50011157319425,18.599401763682724,52.63701168795331,146.1401955410917,123.36402804473816,397.45602200314914,0.0,104.44736625385875,80.13610315186246,38.25214899713467,80.91165009313387,1.0,Low,3.0
BI: : BkGp#93: CPs=373,93,69.05615479329325,373,60.71331546023225,0.0,0.0,27.151158518092963,85.94979325427029,17.515231224443042,46.89627486035428,55.577623744054016,58.21731348264106,395.560167315986,0.0,22.338896313872304,99.0,94.10187667560322,72.8206710498497,1.0,Low,3.0
BI: : BkGp#94: CPs=548,94,69.98032091796823,548,61.25301876955128,0.0,0.0,25.15405752965049,82.7733527697167,16.443706618638313,53.38323999937113,31.0382023511046,41.86891022859999,399.89401539588255,0.0,194.42246062807033,46.42883211678832,0.0,97.04501736215151,1.0,Low,3.0
Oahu: : BkGp#98: CPs=67,98,73.88543812170163,67,37.42451741293532,50.6865671641791,0.0,192.24993893433899,53.65676112019071,43.79059614745433,37.20648399712378,35.77859835671653,231.7025941413147,85.88225582014942,0.0,21.694303507240786,62.059701492537314,56.149253731343286,200.0,0.6567164179104478,Low,3.0
Oahu: : BkGp#111: CPs=98,111,128.72395001952788,98,68.61554907677366,260.2040816326531,0.0,314.88499243985785,34.14741291001573,86.52381472771123,60.93512125300254,169.65397112196916,379.9122189897441,198.14477847234775,0.0,31.59725733702793,96.9795918367347,182.8469387755102,46.413521719570014,0.0,High,1.0
Oahu: : BkGp#112: CPs=41,112,68.57112370335722,41,53.942938443670165,2.4146341463414633,0.0,50.42740959521084,104.44785738322558,87.89452213255123,17.864585727395006,78.31486743831266,242.79933794970248,77.12168998081468,0.0,8.262225337813335,9.658536585365853,195.58536585365854,99.83288497629657,0.0,Low,3.0
BI: : BkGp#140: CPs=687,140,66.44589827121453,687,61.20765786372756,0.0,6.550218340611353,27.75768369162778,43.29079646407074,17.154897569157594,55.76556714081907,43.3468461815857,49.861311391584344,399.54420521355945,0.0,133.33362185743215,77.24017467248909,0.0,81.63549368155299,1.0,Low,3.0
BI: : BkGp#141: CPs=673,141,60.00741349839984,673,51.94707776126727,0.0,0.0,30.386425544006535,50.95751325973986,15.729752513949897,57.75481313158055,35.99102124821438,34.3785016033019,335.95054918207984,0.0,58.48610646823531,90.76225854383358,0.0,137.76718321978922,0.9554234769687965,Low,3.0
BI: : BkGp#142: CPs=228,142,61.75392382356936,228,57.640338345864556,0.0,0.0,32.292113922325036,24.08429890542003,16.159663184685495,54.061640918552605,34.50676636271962,35.91515657359791,400.0,0.0,33.498513379583585,99.0,0.0,139.15036576079072,1.0,Low,3.0
BI: : BkGp#143: CPs=262,143,77.32558553937086,262,57.04688476917469,0.0,0.0,37.68993727208553,93.8057541478195,16.12341888972088,77.60442793457955,50.70037547223716,42.439023675948185,346.323595168207,0.0,200.0,99.0,0.0,139.1503657607906,1.0,Low,3.0
BI: : BkGp#144: CPs=665,144,69.52642210658706,665,63.835124239169204,0.0,0.0,42.08478374579613,40.209030306289435,16.921479295880683,98.67521997121268,38.40778709005866,54.37258564761987,353.4721028578224,0.0,102.85326795681058,93.78947368421052,0.0,138.2754768039361,1.0,Low,3.0
BI: : BkGp#145: CPs=282,145,91.86695571502979,282,59.44960486322171,0.0,44.148936170212764,23.98630488311322,62.393349645948234,17.980559163772643,89.03696648376538,91.19855737737842,77.84520741283106,320.85969400437676,83.68794326241135,27.221671622067944,152.36170212765958,282.4574468085106,45.376391900177666,0.9397163120567376,Medium,2.0
BI: : BkGp#146: CPs=369,146,82.96483239827205,369,57.53356562137025,0.0,68.29268292682927,23.678943473520206,47.20092249665309,17.268481283773106,44.88289283320788,49.66218600039215,51.46196796604907,377.3671791675287,5.420054200542006,36.92029189865751,105.70731707317073,291.869918699187,67.20608233320097,1.0,Medium,2.0
BI: : BkGp#147: CPs=859,147,58.063097813767875,859,64.39612783413682,0.0,37.89289871944121,18.25955100706906,47.80653082117806,15.110852005783508,27.4893240315498,22.767992299700257,30.15899353435552,177.92600365926063,23.515715948777647,35.29607225309841,106.14551804423749,202.9452852153667,61.235601832563226,0.7532013969732246,Low,3.0
BI: : BkGp#148: CPs=462,148,59.3900832608207,462,26.278809523809457,0.0,0.0,51.16656448195311,67.20509392887553,27.93399616791831,72.99250272192309,21.624493672583373,19.264821681128282,381.3338119812149,0.0,1.783944499504479,198.0,0.0,23.267210253400147,0.0,Low,3.0
BI: : BkGp#149: CPs=191,149,81.33800133853626,191,37.32776614310641,0.0,204.18848167539267,55.01045444411183,110.30156683201824,28.771958844792707,167.62312716644914,26.052432879317163,20.990764589096898,293.9223829656146,0.0,1.7839444995044575,198.0,53.38743455497382,22.709705483665868,0.0,Low,3.0
Oahu: : BkGp#155: CPs=86,155,76.66278807124678,86,55.79403543743071,26.72093023255814,0.0,84.2762233466604,134.4402470559903,95.01504589757592,18.05834385291974,124.99344324886411,250.8618303207825,71.3405271527177,23.25581395348837,11.625602138889553,0.0,172.67441860465115,80.88535982617303,0.0,Low,3.0
Oahu: : BkGp#172: CPs=27,172,110.04089100589218,27,60.23375661375664,214.11111111111111,0.0,279.1723774423331,58.251174542192224,88.4750725904176,23.056780238647278,22.37954281528148,381.3096761693087,88.13591870596365,88.88888888888889,15.659068384539141,99.0,99.0,132.93999758594268,0.0,High,1.0
BI: : BkGp#185: CPs=499,185,58.46373864195225,499,61.23650443744659,0.0,0.9018036072144289,19.63642343849321,73.7676769627136,45.15582056342488,74.5356437111589,9.137592813419737,20.789636883152436,287.98499472109285,0.0,12.163474620201699,126.75150300601203,112.09418837675351,32.80081648819965,0.0,Low,3.0
BI: : BkGp#186: CPs=178,186,56.31815152073958,178,44.20395933654353,1.6853932584269662,1.6853932584269662,42.680611623661946,57.845893914668565,57.282359915493494,86.78152191176532,12.759242699299778,33.27613179446844,151.8421234546525,0.0,2.8307034442823555,223.38202247191012,99.5561797752809,28.96073595221235,0.0,Low,3.0
BI: : BkGp#187: CPs=507,187,44.52774613637731,507,71.97215177984405,0.0,0.0,13.302690560047377,6.722477654552849,16.3451794006014,63.24992847165061,22.898648043743208,27.97094671143007,107.85023188463462,0.0,4.720044256523639,20.502958579881657,275.3076923076923,37.07324239505775,0.0,Low,3.0
BI: : BkGp#188: CPs=851,188,30.76365563151327,851,81.83274914666296,0.0,0.0,8.091819053402082,17.84522246474543,15.824702330650396,16.483529348000054,5.618813291806057,8.96923507273319,84.24288532223595,0.0,3.794055614627005,88.7626321974148,100.5123384253819,29.476852205039517,0.245593419506463,Low,3.0
BI: : BkGp#189: CPs=384,189,79.32765795825823,384,70.73831845238094,0.0,4.296875,203.55831642176648,108.74749459999089,17.91559908082893,103.75307987239155,49.92249904574586,52.38540360854851,199.55945449391868,0.0,20.939667988107,300.0,35.3203125,22.777848310193914,0.0,Low,3.0
BI: : BkGp#190: CPs=413,190,56.66948967159829,413,61.85959644874889,0.0,5.447941888619854,83.7164557464464,79.11341242906896,38.13994150969935,56.88705446957696,73.64527745838116,62.69169964190326,154.23099558774786,0.0,6.588164149770719,123.4503631961259,65.9273607748184,38.3440817730668,0.0,Low,3.0
BI: : BkGp#191: CPs=566,191,56.05318815962032,566,59.12069156991399,0.0,0.26501766784452296,63.11546605096229,92.78839145322296,39.9678687063774,55.462077329690004,51.007588089467085,44.2283322243045,279.51774729356714,0.0,8.970152024009966,99.0,16.61660777385159,30.737882211092252,0.0,Low,3.0
BI: : BkGp#192: CPs=371,192,63.6636940637917,371,57.410974201000904,0.0,0.0,54.99092811534463,74.49693335567301,45.729301234862774,127.65349230131022,149.65396406914323,39.27611408422247,274.56977225780025,0.0,2.093824047187193,99.0,0.0,30.080107290329938,0.0,Low,3.0
BI: : BkGp#193: CPs=553,193,82.42996996257551,553,83.45758718677314,0.0,33.09222423146474,43.93514145366424,17.785699625088785,53.17129088815938,92.2759326569877,35.95231118342559,18.093948670322632,126.94721335155785,87.1609403254973,112.12541018715821,197.875226039783,238.76853526220614,95.80808837654291,0.325497287522604,Medium,2.0
BI: : BkGp#194: CPs=588,194,70.31477800981081,588,75.39118075801741,0.0,96.42857142857143,22.804413602645578,19.503910728843408,54.40516800154809,127.49715296447992,12.790540980021412,12.55357520987947,96.28612117109185,0.0,77.21728929431039,128.90816326530611,228.5204081632653,102.41517457917925,0.00510204081632653,Low,3.0
BI: : BkGp#195: CPs=342,195,100.36249648675661,342,84.37828738512961,0.0,44.29824561403509,69.61818382555863,9.281640832004761,60.28132231088134,107.41622978206844,67.45421099436112,29.393487310192164,232.13045966474354,175.43859649122808,138.1183384626082,186.4298245614035,203.66666666666666,97.53195340046823,0.9298245614035088,Medium,2.0
BI: : BkGp#196: CPs=394,196,62.60387652447164,394,50.73389896059943,0.0,0.0,106.99715636267901,101.71338486365212,30.01915193308248,47.26918378400645,13.18862405839331,41.044935031180714,285.6225075270252,0.0,1.7889753638572776,234.76142131979697,2.763959390862944,23.154949271938857,0.0,Low,3.0
BI: : BkGp#197: CPs=420,197,82.95237580463821,420,45.55623809523785,0.0,25.357142857142858,142.86534026648198,97.61843854559352,18.30209220429393,120.55199729947701,108.33633563396386,71.3137022162501,203.71817814187713,0.0,5.979517674264945,252.95714285714286,126.81428571428572,24.915225563560195,0.0,Medium,2.0
BI: : BkGp#198: CPs=139,198,68.82173515193858,139,43.62388489208634,0.0,2.158273381294964,152.25274140357533,135.58845883672646,18.697381801669195,79.77119145319075,171.74841147911286,74.99629448003971,69.70096658575864,0.0,50.225666840165026,147.431654676259,56.26618705035971,29.86491439884109,0.0,Low,3.0
BI: : BkGp#199: CPs=204,199,78.69792466024754,204,48.064705882352975,0.0,0.0,146.30883166918392,170.81271832294934,18.18362016441219,87.54483684014546,130.56353655882432,85.07939704579628,153.19680100255258,0.0,9.87776676577467,198.0,99.0,33.83665565172218,0.0,Low,3.0
BI: : BkGp#200: CPs=856,200,77.4019731183967,856,54.833830663106,0.0,11.039719626168225,11.35166624176027,102.48556990680045,64.02166860201073,61.007396396308884,6.972701295133527,9.222111727787714,258.74857414142053,75.93457943925233,21.82784842955477,99.0,186.55023364485982,198.03369666178554,0.0,Low,3.0
BI: : BkGp#201: CPs=727,201,69.03600514427505,727,34.58406628676267,0.0,0.0,13.53102299549801,63.17015771314281,55.3784812589678,41.532479439693965,9.362369263561817,8.079405658701614,215.42455688837703,81.98074277854195,14.704795765210752,106.76203576341128,194.18707015130673,196.84289320094734,0.0,Low,3.0
BI: : BkGp#202: CPs=1042,202,68.00528958681232,1042,62.85884425555246,16.828214971209214,0.28790786948176583,114.22639689821426,4.70221705538477,64.7371334147013,21.964036971877743,49.67632714283498,75.31031402986665,112.82935150193425,0.0,14.696522088154769,168.1439539347409,235.19769673704414,78.6204269311867,0.22072936660268713,Low,3.0
BI: : BkGp#203: CPs=568,203,69.13169232903215,568,86.13598759221955,0.0,40.140845070422536,41.05799050071708,10.788975719027347,46.93254351703751,84.69729570581279,10.714524119831113,18.23021936021961,101.70730159616046,0.0,43.21738159382457,159.3644366197183,299.1021126760563,94.88577086443472,0.36619718309859156,Low,3.0
BI: : BkGp#204: CPs=402,204,76.20553500939887,402,77.13435678749103,2.7313432835820897,0.0,55.64353412463947,10.54313952952223,51.468979746264075,87.64486027566004,22.776802271757152,21.911148276484326,323.4250852610614,0.0,6.5322544857476466,103.0223880597015,298.9850746268657,81.26405841220769,0.4925373134328358,Low,3.0
BI: : BkGp#205: CPs=236,205,90.45886121255496,236,86.24715092816776,0.0,0.0,34.660132707871895,9.15021832004099,51.80348214521955,71.76726165533859,14.961965889429841,21.92220259229547,242.4593874478768,0.0,193.633569064857,216.78813559322035,300.0,113.48941184400576,0.847457627118644,Medium,2.0
BI: : BkGp#206: CPs=773,206,110.4502450848797,773,88.09510996118942,0.0,1.1642949547218628,68.17187136046255,8.59270427300341,63.054626626366904,106.65159094709513,74.40055315077028,34.72087320546101,358.651771597933,93.14359637774903,123.70605046175699,289.0478654592497,243.1280724450194,104.22469545242049,1.0,High,1.0
BI: : BkGp#207: CPs=200,207,60.0431364815199,200,49.182369047619034,0.0,24.0,109.67003228059079,114.76232915877283,16.68376368685752,85.66922580693327,61.95640874803713,64.21539953858718,54.541990806365156,2.0,19.74231912784929,170.895,94.05,33.27820902118569,0.0,Low,3.0
BI: : BkGp#208: CPs=224,208,55.077911654929935,224,64.22840773809513,0.0,5.357142857142857,36.55857357712208,122.55214525757363,14.084661894636634,41.47856772366324,43.31351014551216,30.73071917953664,75.37154180467613,34.82142857142857,49.89558261362027,172.80803571428572,49.96875,84.9996077466561,0.008928571428571428,Low,3.0
BI: : BkGp#209: CPs=471,209,69.81076092641764,471,57.27719441916909,1.2738853503184713,0.0,173.69251089110412,106.11466374166422,18.146381783699336,82.84148857880301,129.19301333443906,52.41179961962888,75.7110948722684,0.0,6.2785251210443205,242.45859872611464,79.45222929936305,22.31002815864764,0.0,Low,3.0
BI: : BkGp#210: CPs=338,210,51.72156925923055,338,55.74304029304021,0.0,7.988165680473373,31.14038581529045,16.285875811063658,22.0406897171044,90.87673814460948,33.62724621130752,38.637328899488736,129.64765832725035,0.0,15.89364359814913,206.7337278106509,99.0,28.209038580030054,0.0,Low,3.0
BI: : BkGp#211: CPs=459,211,64.72390001064839,459,62.59405747484141,0.0,9.15032679738562,85.4545161456065,3.3364210337250313,22.341012348218452,43.06393117965774,70.58306424430224,106.6011789310508,180.16650651546934,0.0,12.731171094139635,250.81699346405227,99.0,25.01932093127673,0.0,Low,3.0
BI: : BkGp#212: CPs=845,212,73.00567575795024,845,64.15662091170991,1.2994082840236687,8.875739644970414,77.37885506708393,3.4923600701154385,21.240213979126835,44.19841144892651,66.56731338352623,111.73211760286749,310.77384379391225,0.0,9.689129198163137,250.90650887573963,99.0,25.611446072607055,0.014201183431952662,Low,3.0
BI: : BkGp#213: CPs=993,213,36.677693931970744,993,61.785736344890765,0.0,0.6042296072507553,7.492835407507653,39.36843913034688,20.004655873470988,23.58698376464161,5.215871667799888,8.133285052742853,141.7127356787519,0.0,3.436743028753213,88.44712990936556,116.33232628398791,34.044437230051216,0.0,Low,3.0
BI: : BkGp#214: CPs=577,214,41.37081670267774,577,32.278838821490524,0.0,0.0,38.428675798880825,104.82644292561969,27.947700075237076,28.871915434938842,12.649207940746185,15.591073551629114,67.07646568810696,0.0,2.0106734364721213,244.13864818024263,23.849220103986134,22.893388582816126,0.0,Low,3.0
BI: : BkGp#215: CPs=799,215,48.557598761659726,799,69.75111985219657,0.0,0.0,18.565812816192423,46.040941507368736,13.60993815143238,74.14396393205672,24.296947334898665,20.252799490882023,251.00185950003058,0.0,65.88786032094119,19.081351689612013,0.0,125.731386829283,0.20150187734668334,Low,3.0
BI: : BkGp#216: CPs=269,216,78.48727740815559,269,58.588015577978226,0.0,3.345724907063197,44.871362929139664,86.07564959585135,15.873820138218816,110.20784988891707,69.86956492979651,50.801702621003834,277.8113501267336,0.0,200.0,120.71375464684014,0.0,139.1503657607906,0.966542750929368,Low,3.0
BI: : BkGp#217: CPs=270,217,87.22611884942737,270,61.86829629629637,4.4222222222222225,0.0,50.08003170141371,38.73076405815932,19.101049151959593,38.474615931676944,111.35992700694054,271.8319280883017,386.28400448215126,0.0,177.931945820945,26.4,13.333333333333334,108.57366464801193,1.0,Medium,2.0
Oahu: : BkGp#225: CPs=26,225,59.328145434960945,26,31.453846153846136,0.0,0.0,28.226451758325588,124.342861262946,40.1390722120338,87.9775731905328,82.89770443405776,153.20875891513413,61.02600427223487,0.0,96.9276511397423,0.0,3.8076923076923075,179.91456587786854,0.0,Low,3.0
Oahu: : BkGp#233: CPs=77,233,112.22113337838783,77,52.19887445887444,0.0,220.12987012987014,49.9594983204988,103.47250207296172,52.90678273506937,140.70471672281514,96.83011632046257,86.55790181118176,348.2148049011081,77.92207792207792,200.0,96.42857142857143,0.0,157.99128385232527,0.0,High,1.0
Oahu: : BkGp#235: CPs=55,235,89.53551070709982,55,53.367127272727274,0.0,150.0,47.76410255477206,71.79830825279326,52.32040249454434,95.94378009895206,70.53212299279707,73.3805895972959,206.50454334963428,54.54545454545455,199.20713577799802,124.2,0.0,143.46909366952883,0.0,Medium,2.0
Oahu: : BkGp#259: CPs=216,259,130.40183357596374,216,55.30404320987642,270.6111111111111,0.0,261.62946333878966,27.708117325680032,68.4002353712685,63.07932930705475,23.552761280491545,393.60625782101226,324.3382674203235,119.44444444444444,98.93734170245567,99.0,0.0,150.41613130694944,1.0,High,1.0
Oahu: : BkGp#262: CPs=307,262,146.19084897071735,307,55.15385450597153,273.2345276872964,12.703583061889251,286.95338929325607,134.4450757476649,38.67369389949474,175.49021776904374,52.40435542106579,389.3116209317447,289.9442222223733,0.0,72.2830034574821,278.071661237785,60.94788273615635,73.24564658953638,0.0,High,1.0
Oahu: : BkGp#263: CPs=196,263,128.89668894914493,196,63.561013119533456,206.5408163265306,1.530612244897959,353.4240887611949,68.54869269685537,45.175225994576195,105.84763769479724,83.93427825598161,372.6311497779445,235.25572506471386,0.0,67.96383568293514,241.19387755102042,38.38775510204081,49.45562596415232,0.0,High,1.0
BI: : BkGp#264: CPs=836,264,69.88129558189164,836,63.487664616085496,3.8038277511961724,0.0,81.28393928066608,3.2196420702890682,20.806420908638014,16.677530363668144,259.75381638158603,167.33948422923623,155.30634833293618,0.0,7.358178309093782,185.44736842105263,53.88157894736842,29.853634116559995,1.0,Low,3.0
BI: : BkGp#265: CPs=1043,265,59.584631781781425,1043,82.13386796329293,0.0,0.0,26.02222766170659,3.5644567569510897,19.76464946102222,23.22811546495954,161.72026366507424,67.73940289840027,225.7162338637989,0.0,5.423290101455088,185.85043144774687,62.93096836049856,29.675569081816068,1.0,Low,3.0
BI: : BkGp#266: CPs=775,266,36.17609269112645,775,80.24835760368724,0.0,17.225806451612904,11.550922439661134,26.74378655535381,16.746781800227765,22.68955633032951,17.22381790535883,24.004976903870393,62.928110868474946,0.0,4.853096326608897,89.03612903225806,135.0541935483871,34.335854601067176,0.9883870967741936,Low,3.0
BI: : BkGp#267: CPs=558,267,44.44632844506791,558,86.50879330943948,0.0,0.26881720430107525,16.83960087524661,4.33418284881728,18.864134683630375,25.107688725401104,70.1210898627087,40.402129688111415,124.71437626829587,0.0,6.611464560887483,189.1290322580645,53.935483870967744,29.858132520148096,1.0,Low,3.0
BI: : BkGp#268: CPs=536,268,42.36382194274746,536,79.27826847903383,0.0,0.0,18.19899448465811,16.36104977479874,18.709093858609208,19.23043393672253,73.37032852309702,50.069521797047244,123.93208879149613,0.0,6.336257266689328,165.86194029850745,32.13805970149254,31.971292229060854,1.0,Low,3.0
BI: : BkGp#269: CPs=697,269,53.160816369049094,697,81.15649859943952,0.0,5.810616929698709,17.063532905244816,18.024156785332952,17.72535725567769,90.60361793239072,31.218048270761944,40.894699005039634,168.58423661946014,0.0,4.707418029698295,8.0961262553802,275.51362984218076,38.0143071054304,0.266857962697274,Low,3.0
BI: : BkGp#270: CPs=311,270,65.2725571241736,311,70.62738937375585,0.0,27.974276527331188,23.90802420281737,35.26575642017145,18.88733967745732,92.88876147466718,95.86064377665218,80.24096212006526,214.16376228974397,0.0,4.785866111746706,23.556270096463024,254.91318327974275,36.01612151198868,0.12540192926045016,Low,3.0
BI: : BkGp#271: CPs=1025,271,35.171271059206106,1025,85.58808687572616,0.0,2.341463414634146,8.55852745554822,14.40351888634126,15.133956680756446,34.2612654775115,10.25631672472253,15.709619589248382,84.00158632937489,0.0,5.009548212429591,95.61951219512196,122.6839024390244,34.001761607652085,0.8975609756097561,Low,3.0
BI: : BkGp#272: CPs=569,272,48.24986749886939,569,88.57846514352788,0.0,19.507908611599298,16.047164686864264,4.48155805344029,19.188400948363903,37.86026038959243,39.7870547673082,36.23689006765371,248.41182757758966,0.0,2.5398827076522457,83.68892794376099,99.0,28.419671585688388,1.0,Low,3.0
BI: : BkGp#273: CPs=495,273,41.73206487448887,495,64.84242520442491,0.0,0.0,20.79717088306274,4.825885839774596,21.38944221300764,44.132038029090666,21.286506078347703,44.92953407228219,178.07437121153072,0.0,6.425003253546328,97.0,99.0,23.278596332265177,0.0,Low,3.0
BI: : BkGp#274: CPs=1132,274,48.655993177402166,1132,57.424876745750794,1.926678445229682,0.0,68.53904480294402,7.580277434608345,23.45620103263282,38.905619586942585,71.87637751375185,66.44328400980042,139.25806218914175,0.0,19.201392415259146,105.3286219081272,102.4982332155477,27.401228361296017,0.0,Low,3.0
Oahu: : BkGp#275: CPs=23,275,124.31177705658814,23,53.78360248447207,300.0,0.0,193.8183756544579,62.075313349632296,100.10269082229134,49.56893710552334,120.26477645840674,399.5349330226353,115.2609771804962,200.0,54.61283233507131,99.0,0.0,116.65421743583572,0.0,High,1.0
Oahu: : BkGp#276: CPs=162,276,91.39231155536739,162,32.92893004115228,5.537037037037037,88.88888888888889,71.09904872096102,49.50915864786185,74.07842956430665,113.8320174796189,64.59154014839342,271.06125537643214,244.48758481372158,0.0,6.6536969741462775,166.83333333333334,67.83333333333333,113.55041897132256,0.3950617283950617,Medium,2.0
Oahu: : BkGp#311: CPs=200,311,114.26709090089349,200,54.39528333333326,289.5,9.75,311.50488753374464,62.29551249742286,73.61028683889886,55.99854128073149,48.81979066052701,393.313553220679,147.0292303301428,0.0,38.40436075322097,117.315,73.755,38.31491706470085,0.405,High,1.0
Oahu: : BkGp#314: CPs=165,314,109.77485062148163,165,43.74482539682544,195.07272727272726,0.0,293.56752657685126,85.31111134056195,44.98816310194914,44.4989940389628,24.800124455560212,344.0448520081469,192.41828368848445,0.0,58.533801844009915,183.6,0.0,136.0423495981449,0.0,High,1.0
Oahu: : BkGp#315: CPs=306,315,134.42959742154758,306,57.21196078431344,299.6666666666667,0.0,253.838458064295,67.78501634818637,75.43893711831379,45.722613093012875,35.50808821923137,399.9587542984467,391.2264923982547,0.0,5.936117426818746,198.0,99.0,87.1508569056716,1.0,High,1.0
Oahu: : BkGp#317: CPs=37,317,112.2706001907148,37,56.22405405405409,297.2432432432432,0.0,312.83404366056857,70.93967375909696,50.760963568913034,133.11389211408058,39.03521684310991,399.5348415619877,60.127594096585185,0.0,57.55229957410335,152.51351351351352,0.0,54.179666871465834,0.0,High,1.0
Oahu: : BkGp#319: CPs=130,319,116.48243971366199,130,68.44575457875466,300.0,0.0,294.1497189915933,88.87891901844802,64.7895013824721,14.657559054548551,23.318613979635575,400.0,325.41609681796336,0.0,15.842037051155009,99.0,0.0,52.73839483035989,0.0,High,1.0
BI: : BkGp#320: CPs=43,320,36.049274902425964,43,55.94126245847177,6.976744186046512,0.0,46.26267577715365,5.440266461332022,24.615880284929066,15.549687163065924,65.0468740152332,68.194070686149,35.86645227427102,0.0,12.939359716043997,75.97674418604652,101.30232558139535,26.62678074625135,0.0,Low,3.0
BI: : BkGp#321: CPs=885,321,54.18070004415584,885,56.72167877320443,0.7898305084745763,23.389830508474578,33.922711992034706,17.392756441864623,68.46494694893744,61.06449694809867,19.082316393628464,32.22152305613201,80.0851076290269,0.0,4.523133605460484,176.69152542372882,179.76271186440678,58.59793056886617,0.0,Low,3.0
BI: : BkGp#322: CPs=919,322,48.69221329858754,919,62.01474480543053,0.0,0.0,23.27002158294201,13.35648871197121,65.6564516082971,30.19324796583909,21.72766187970553,19.318286150622455,111.2563002680852,0.0,2.7286521416069185,206.88574537540805,131.4254624591948,42.550136529709704,0.0,Low,3.0
BI: : BkGp#323: CPs=663,323,106.81488809587218,663,84.23853910795042,0.0,0.0,65.17422919391608,56.68578598377128,64.28311342158712,51.121559987096774,25.523204740683234,41.40711825580776,331.6489838355154,0.0,171.58903204492972,300.0,300.0,110.55175486682602,0.9441930618401206,High,1.0
BI: : BkGp#324: CPs=293,324,115.55784695968839,293,84.71937591418794,0.0,0.0,124.18777822892876,42.77795245130886,74.417513303543,32.28084830511759,26.702221264438002,85.99317134092749,365.03877211703576,0.0,186.73373089295356,300.0,300.0,110.51634057688706,1.0,High,1.0
BI: : BkGp#325: CPs=136,325,106.20203242959428,136,83.57743697478976,0.0,0.0,119.63124309983613,49.48031479142245,70.58379533641606,45.44624008735411,20.852777876501086,108.34910351952549,273.1049239494843,0.0,189.97259954526902,219.75,300.0,112.2820512633158,0.9264705882352942,High,1.0
BI: : BkGp#326: CPs=462,326,76.95019755010291,462,80.02988249845413,0.0,23.7012987012987,60.39791320343772,14.464999052027766,49.026016633314136,46.51092696979875,15.978378403399171,15.116467268145309,250.0975371696227,0.0,4.782927676882087,193.4090909090909,300.0,100.73752476607133,0.015151515151515152,Low,3.0
BI: : BkGp#327: CPs=195,327,68.01296257860447,195,84.64474725274715,0.0,91.53846153846153,36.01208611196868,27.60089085187553,45.42874979027902,121.21494151974102,23.198132183934476,14.180476607072615,126.15748990492989,0.0,9.458463571446732,82.76923076923077,276.9846153846154,81.00615319276366,0.0,Low,3.0
BI: : BkGp#328: CPs=31,328,132.57318514501912,31,83.68466973886326,141.38709677419354,0.0,341.9747868097512,8.324639027512982,80.69667485997364,34.54009771109881,45.85570311172273,359.11048567380396,90.89221003102652,0.0,101.5953195434636,300.0,293.4193548387097,107.1167390551669,1.0,High,1.0
BI: : BkGp#329: CPs=273,329,63.49132869400439,273,86.72568288853999,0.0,0.0,71.2969518083573,18.302621147587114,51.83477652724434,49.5795676609905,40.8753455438466,28.261667159468995,166.1982363099869,4.395604395604396,40.11297589097391,56.934065934065934,256.65934065934067,81.19309448405883,0.63003663003663,Low,3.0
BI: : BkGp#330: CPs=39,330,117.45134853911964,39,77.62405372405372,84.38461538461539,0.0,272.7362278489344,10.02837749497524,71.50690177198966,55.59814775155251,124.48864285875956,252.53501314833952,106.8340789481702,87.17948717948718,98.04579299128352,211.53846153846155,213.69230769230768,95.5781197538644,1.0,High,1.0
Oahu: : BkGp#347: CPs=159,347,83.6371940403942,159,52.73790775681334,0.0,112.26415094339623,37.25256000818977,119.12201767581331,36.75441987810597,89.87814056934864,56.67811933334768,44.74345358572123,203.92895446194404,60.37735849056604,199.45147758226278,88.41509433962264,0.0,152.95425598078157,0.0,Medium,2.0
Oahu: : BkGp#355: CPs=37,355,83.73460254037413,37,52.5984555984556,0.0,166.21621621621622,60.25628254667653,55.42607108333893,59.93511259501963,88.23731338976711,44.91869538034092,83.32936348905065,101.16809774680985,0.0,200.0,198.0,0.0,145.9334300599363,0.0,Medium,2.0
Oahu: : BkGp#363: CPs=99,363,129.7528276343452,99,55.88362193362195,298.969696969697,0.0,272.490506706224,107.97467576489642,75.43397115188499,49.49498333424036,56.642503755218286,399.59604443112556,244.22093164499557,8.080808080808081,126.15951387011836,131.0,32.0,88.34515687234783,1.0,High,1.0
BI: : BkGp#370: CPs=412,370,86.04153697879272,412,82.98778779472931,0.0,0.0,36.20723742279176,5.116223434968942,58.25536519672537,48.40624353134707,13.78526173602806,27.656791892451423,384.16704408290263,0.0,121.06478585930569,110.53398058252426,300.0,102.44233314811699,1.0,Medium,2.0
BI: : BkGp#372: CPs=1528,372,67.6529943953923,1528,69.78997257541742,0.1943717277486911,0.0,56.4762082029105,7.482820080616897,20.457136903198112,17.256386607083382,271.1476786258995,141.77371078849058,185.5474016627225,0.0,5.885771511890379,181.93193717277487,25.657068062827225,31.19445200930523,1.0,Low,3.0
BI: : BkGp#373: CPs=780,373,60.90833174244753,780,83.17293528693651,0.0,0.0,23.588323691678813,9.155127992825761,19.370691629602845,18.37002843354518,192.86855795884534,74.54788350703227,255.95693901656844,0.0,7.1306955350563115,184.41923076923078,13.580769230769231,31.46379308462337,1.0,Low,3.0
BI: : BkGp#374: CPs=815,374,75.69125384691053,815,65.72382004089945,2.698159509202454,55.030674846625764,26.8224957943696,21.08510564854627,66.48790694888893,104.27090690297558,13.441440999868316,24.227810904994072,350.1740582738113,0.0,32.98534052423921,80.77914110429448,198.06993865030674,93.57200755463501,0.38282208588957056,Low,3.0
BI: : BkGp#375: CPs=334,375,119.0362920967464,334,85.22782720273705,2.6676646706586826,0.0,152.8404964441987,10.551292543476888,74.41268706617123,47.73616382463074,55.09231103741621,159.24234943801923,394.0349046002176,0.0,94.6962368622515,300.0,300.0,109.04244776141971,1.0,High,1.0
BI: : BkGp#376: CPs=792,376,75.89491544463903,792,31.459868927369413,0.0,0.0,15.64197886606722,49.44997354737896,40.7320481478858,27.985714878432358,9.687094322393188,8.083276032552028,325.89115728361526,121.21212121212122,12.192790141254056,99.0,197.5,199.5877083105133,0.0,Low,3.0
Oahu: : BkGp#378: CPs=69,378,97.32829234111432,69,25.21859903381641,144.52173913043478,8.695652173913043,152.85581796956026,60.459221596636546,93.33224180857476,122.11324262990317,42.065322339353905,347.16126377704046,133.22605883981362,0.0,47.57472601657541,99.0,99.0,84.70049980109253,0.0,Medium,2.0
Oahu: : BkGp#385: CPs=178,385,114.80223698669849,178,34.48893793472442,122.66292134831461,0.0,83.6879877569725,86.13006610320807,75.80927568198636,98.50621636309077,64.03918202131025,354.85882683345517,366.14150810422217,0.0,6.772753087382117,198.0,99.0,131.93587956581297,1.0,High,1.0
Oahu: : BkGp#388: CPs=47,388,98.64081484246009,47,60.08227152988853,146.61702127659575,0.0,169.1861376618389,62.858719092594214,84.80390573649807,19.77174762290081,27.281963427236818,290.06517756476495,80.37558911435708,200.0,23.03945342977037,99.0,99.0,117.53023618045576,0.0,Medium,2.0
Oahu: : BkGp#399: CPs=164,399,122.8059727393306,164,43.50415795586532,213.6768292682927,0.0,292.77107152245424,85.27537373482551,63.56907661641593,30.062016438303,54.81819348835207,372.15344414710665,168.22236603603338,81.70731707317073,88.89023181609404,121.9390243902439,196.97560975609755,28.524878846704187,0.20121951219512196,High,1.0
Oahu: : BkGp#408: CPs=156,408,137.3836776249471,156,54.3863721001221,280.7692307692308,67.3076923076923,316.14955888813097,122.76293040849062,41.250332795987504,148.02238032409602,127.68260103648238,389.4269321004518,116.15159457294713,0.0,47.6023480978882,180.59615384615384,23.48076923076923,145.16626789576387,0.0,High,1.0
BI: : BkGp#420: CPs=676,420,55.95173089182427,676,40.677097774020865,4.881656804733728,22.411242603550296,67.02640280894133,109.12348255993697,30.076323985608628,89.57653417537632,35.83745109424395,25.691502527856063,89.01051761313664,0.0,15.846728555427154,215.48076923076923,62.82692307692308,30.809330566838852,0.0,Low,3.0
BI: : BkGp#421: CPs=354,421,72.72791696098994,354,55.06768092547756,0.0,6.779661016949152,29.787499362836297,13.14257828249014,79.24667873235687,54.6493928535716,12.066127158053751,35.40308904254479,373.01955183146003,0.0,43.16294591613324,95.92372881355932,198.0,94.66982047941752,0.8587570621468926,Low,3.0
BI: : BkGp#422: CPs=1489,422,111.88251341695029,1489,58.123542486168695,44.42175957018133,0.0,177.76063930728796,22.752197253126972,181.7067146385427,12.12735212746586,8.480069710133575,267.65024204961156,331.15249275865176,4.835460040295501,128.184286352313,100.13028878441908,195.53995970449967,145.37269647155858,0.9321692411014103,High,1.0
BI: : BkGp#423: CPs=421,423,108.70682894555216,421,84.27551408211724,0.0,0.0,115.80689604160499,7.436863646356315,69.97342118018368,61.13215830901931,111.67385731070755,83.64951890933808,398.54081866006294,0.0,68.53237725082298,300.0,224.16627078384798,105.41473800921854,1.0,High,1.0
BI: : BkGp#424: CPs=202,424,129.18572952509174,202,85.23714285714266,0.4900990099009901,0.0,175.68981213096606,8.75311053269538,75.0220514873039,47.24803364187243,64.62731770393678,203.8706409187139,399.5420166786305,0.0,168.2167423878165,300.0,300.0,109.08897552739627,1.0,High,1.0
BI: : BkGp#425: CPs=340,425,86.59170586499991,340,43.523711484594095,0.0,0.0,40.0802989077057,59.20028692673938,142.352845504471,34.88416309386382,10.049651896461983,33.6796607170728,290.63866273244406,71.76470588235294,52.61470296741093,150.24705882352941,185.77058823529413,184.06925080305842,0.0,Medium,2.0
BI: : BkGp#426: CPs=189,426,86.59919746151249,189,41.90386243386239,0.0,0.0,26.343913159027753,82.54047481777673,152.73303386992643,35.35147161745286,7.490401338956264,27.855861832726173,334.0867014060207,0.0,21.605550049554036,198.0,198.0,173.0766913973823,0.0,Medium,2.0
BI: : BkGp#427: CPs=378,427,45.76865817772316,378,55.730244394053905,0.0,30.555555555555557,8.851457860674788,14.03796097285002,14.448903123417303,63.331768908636846,10.954988914920577,15.494895295450139,139.95860857608636,0.0,3.760861243517358,6.285714285714286,284.3492063492063,38.76970718576389,0.0,Low,3.0
BI: : BkGp#428: CPs=747,428,65.91129190581857,747,60.56234652897238,0.0,5.622489959839357,28.049964800057776,11.15846347861374,69.78326310098419,68.06033793589683,11.410174724159598,27.783582699031268,298.79489464509044,0.0,30.226754391202242,82.43373493975903,198.0,96.78337138367235,0.8420348058902276,Low,3.0
BI: : BkGp#430: CPs=389,430,78.22937251338747,389,87.97352185089971,0.0,28.53470437017995,60.69338389536647,5.1467333252601115,49.966355101430146,69.72664328354293,11.724187342054469,20.138934539477486,198.76223702155949,0.0,7.76099933503352,222.8560411311054,300.0,110.15684650490171,0.6401028277634961,Low,3.0
BI: : BkGp#431: CPs=118,431,70.24530211499483,118,80.59769975786911,0.0,0.0,31.932542777069436,4.403252356760527,56.84803506889599,63.44174675905568,12.433989610782662,24.054009419855007,201.08338382065554,0.0,51.085988812551506,152.6949152542373,280.1186440677966,94.98532401939234,1.0,Low,3.0
BI: : BkGp#432: CPs=781,432,66.79106131474589,781,54.163572952868776,0.7682458386683739,13.25224071702945,75.37467256024972,62.13047014146714,103.27459627443487,64.90458032640245,83.12476374106122,45.07486003764201,101.08289880557206,0.0,5.6949680785858785,149.08962868117797,119.68501920614597,124.17935400244033,0.0,Low,3.0
Oahu: : BkGp#439: CPs=106,439,85.8778342014117,106,45.39977987421384,0.0,300.0,39.91339135634302,113.90014607960099,39.73552015325067,87.0272068741855,45.31703179767674,30.10129987401941,306.0580632418535,0.0,80.71507377003208,0.0,0.0,200.0,0.0,Medium,2.0
Oahu: : BkGp#460: CPs=385,460,94.64852597830571,385,33.50435992578845,46.57402597402597,0.0,146.4770082081825,92.19717413961534,48.817723461005734,21.101465976033285,15.750743138747668,131.47159681710966,156.2411957764734,43.116883116883116,165.0367471973025,296.55584415584417,202.87012987012986,20.012991917445124,0.0,Medium,2.0
Oahu: : BkGp#461: CPs=356,461,141.83782220498995,356,40.973790797217596,200.36797752808988,0.0,298.2585448006421,84.57980920309885,52.56682387101304,51.83005474473793,17.35921821044135,365.5053739845709,272.67147883938975,117.97752808988764,127.69568267613973,284.2415730337079,191.73876404494382,21.80071325096839,0.0,High,1.0
Oahu: : BkGp#462: CPs=31,462,104.45098439972968,31,63.921259600614455,270.96774193548384,9.67741935483871,283.3268565260618,107.06979967947095,58.75340020417852,96.09099880232176,37.3285459705392,371.6975878349243,59.01384830549137,0.0,17.193644298091364,89.41935483870968,79.83870967741936,22.465598967800457,0.0,High,1.0
Oahu: : BkGp#463: CPs=45,463,87.92696471734497,45,22.776666666666653,0.0,0.0,56.917959851534356,99.1241072098056,75.51061115596544,80.80577683760644,86.40650697748804,208.16667679315313,170.13764745551322,84.44444444444444,125.60290716881394,178.2,79.2,51.611166199183806,0.0,Medium,2.0
Oahu: : BkGp#467: CPs=65,467,99.81932190687132,65,27.443333333333317,201.36923076923077,0.0,86.74628047466508,145.00919904130419,76.32210910727463,65.00198828051731,56.77590950346905,370.379745911462,148.5125014692537,0.0,107.78379202561565,100.52307692307693,1.523076923076923,109.89958484079037,0.8153846153846154,Medium,2.0
Oahu: : BkGp#468: CPs=131,468,88.8124750958335,131,36.366717557251896,0.0,0.0,44.69908405117485,117.5345751657459,84.85139695182075,84.86458787616604,84.56362664453562,101.1430523714996,235.38818046534195,200.0,28.111878588883272,99.0,94.46564885496183,121.19837791012112,0.0,Medium,2.0
Oahu: : BkGp#471: CPs=47,471,79.73773321542414,47,62.27077001013166,2.106382978723404,0.0,97.47164517868089,95.45469604141016,90.82513888959882,15.086280798310492,63.2954437390967,272.9579349851536,87.4087273321202,0.0,13.50821331421462,92.68085106382979,198.0,104.9999139000913,0.0,Low,3.0
Oahu: : BkGp#498: CPs=127,498,151.85912991846206,127,59.39466066741666,300.0,0.0,245.6711466813567,139.24489262621253,74.55280053304185,52.96127414754432,86.1835517999439,400.0,253.31627089373222,168.50393700787401,162.9788595553403,196.44094488188978,97.44094488188976,41.19766510068981,1.0,High,1.0
Oahu: : BkGp#556: CPs=297,556,80.82188824511921,297,34.98966810966805,7.373737373737374,2.0202020202020203,93.65304995401763,114.36219734203264,33.077235602745624,88.87053453682911,89.91290273881366,177.6814668874825,190.554027479147,0.0,34.83330163211241,145.0,0.0,200.0,0.9831649831649831,Low,3.0
Oahu: : BkGp#559: CPs=39,559,104.56524595185574,39,53.373233211233234,220.30769230769232,7.6923076923076925,303.4133047506093,36.59100079099532,72.06568885345692,50.73321883364323,17.872020527011273,370.1785059673025,91.44188714361813,15.384615384615385,69.88894818429006,99.0,53.30769230769231,107.22857332336837,1.0,High,1.0
Oahu: : BkGp#561: CPs=65,561,64.57031613047913,65,24.87005128205127,0.0,0.0,60.583734442158146,13.420628968266792,79.9468842476217,57.40429802345815,27.974747890415447,84.70188747715682,244.71322063414055,0.0,190.39414500266824,99.0,0.0,85.5451439892498,0.0,Low,3.0
Oahu: : BkGp#563: CPs=232,563,72.66810685697257,232,51.81851929392446,36.94396551724138,0.0,50.187612647621044,98.33768641247163,91.80310382692011,41.99041913902888,53.238140142639345,280.32231656806914,98.48453123274643,53.44827586206897,31.03790027681893,24.75,74.25,103.40913193503903,0.0,Low,3.0
Oahu: : BkGp#576: CPs=231,576,108.58611440802893,231,40.656204906204884,119.32467532467533,0.0,218.7348834910213,121.2098206674056,38.429385320673454,48.42406348377101,168.58276522362254,306.62116314283213,196.4369664540495,0.0,22.086073820464303,141.42857142857142,6.857142857142857,200.0,0.948051948051948,High,1.0
Oahu: : BkGp#580: CPs=388,580,111.67973574634198,388,72.69714285714244,300.0,0.0,105.89092538307524,29.146104690056777,102.35226708955638,16.165046610742575,42.58152430306023,400.0,400.0,0.0,8.787919037936922,0.0,0.0,197.57510622355716,1.0,High,1.0
Oahu: : BkGp#581: CPs=113,581,114.29285672940532,113,72.69714285714304,300.0,0.0,165.24479166089966,17.16627172143868,102.95307766920186,15.341385550836895,38.72718401982301,400.0,397.17606848685233,0.0,9.7125867195243,0.0,0.0,195.37434225536015,1.0,High,1.0
Oahu: : BkGp#592: CPs=104,592,71.37789383992387,104,39.64168589743586,3.8365384615384617,50.48076923076923,47.067919243041,132.0095617086246,46.18621412231843,112.23517712239264,45.983659249519945,160.5913350543172,62.31724448377436,144.23076923076923,80.63200426926895,28.557692307692307,0.0,116.89783721739647,1.0,Low,3.0
Oahu: : BkGp#593: CPs=32,593,69.96283091001845,32,28.74052083333331,0.0,0.0,59.08663837412671,150.15672235105941,31.786704760819404,86.91831842167139,42.745408948429144,105.20522836038208,214.41045381056423,0.0,31.392467789890986,99.0,0.0,200.0,1.0,Low,3.0
Oahu: : BkGp#595: CPs=145,595,72.84365002004834,145,30.97852873563218,0.0,2.0689655172413794,62.019081633862,112.4803773689939,34.52588503735629,160.58474276549407,19.708637588475153,87.61102358891439,170.4674673962889,0.0,14.210040668466538,99.0,99.0,200.0,0.0,Low,3.0
Oahu: : BkGp#608: CPs=45,608,68.18590496144711,45,44.79851851851853,66.46666666666667,0.0,48.75540067032522,164.56233646651572,51.67001190212587,58.89125920486413,79.40309127766378,287.1535031887126,80.76469083473903,0.0,38.34379473626254,0.0,0.0,101.97930095531265,1.0,Low,3.0
Oahu: : BkGp#618: CPs=95,618,129.39106501383446,95,44.67808521303254,177.82105263157894,0.0,227.452517657285,99.93713108014775,40.13274828931397,123.46878279240197,90.90768943795506,361.4339455679552,307.2662391418472,0.0,45.32888216577117,288.2526315789474,86.49473684210527,47.691532809175605,0.0,High,1.0
BI: : BkGp#652: CPs=446,652,81.57875060211562,446,46.33059790732413,0.672645739910314,0.0,189.2182866833084,98.8963685154921,17.792501713311108,39.61937102078755,35.915292569077394,103.44839147172799,321.719375222699,15.246636771300448,20.383365850840278,198.0,66.36995515695067,70.06847040900342,0.0,Medium,2.0
BI: : BkGp#653: CPs=50,653,118.26705522642442,50,62.72384761904758,269.88,0.0,327.84401411296056,76.07358570624085,20.74099502238052,18.356336868734683,24.841290880510034,393.23205160158096,60.25788097179886,84.0,60.416253716551076,126.72,199.44,49.47957189656168,1.0,High,1.0
BI: : BkGp#654: CPs=393,654,70.34981239499005,393,66.48619411123228,0.0,0.0,31.339268545990755,78.06916262136126,17.02044756066469,90.84991954583725,41.283427249460736,52.661796016862446,355.56900950147127,0.0,199.21318817663925,0.5038167938931297,0.0,122.25095580143743,1.0,Low,3.0
Oahu: : BkGp#682: CPs=47,682,73.03261204605201,47,50.75409321175279,31.595744680851062,0.0,67.82406109010434,21.489546641710504,101.70651246716218,28.987127483068004,54.98320127352034,335.6142162291043,140.6701017561375,0.0,30.082449444362446,0.0,80.04255319148936,151.7395732215173,1.0,Low,3.0
BI: : BkGp#690: CPs=57,690,89.8276387260883,57,46.834385964912265,8.68421052631579,0.0,246.22113405204612,137.06741209739633,18.57135187355257,61.400906917249785,69.80417009358456,232.16660066211912,168.24483431950878,0.0,49.2166988333073,198.0,0.0,111.20287555133125,0.15789473684210525,Medium,2.0
BI: : BkGp#691: CPs=24,691,86.4261570352183,24,52.95138888888889,0.0,6.25,83.74739547189387,49.709131727111945,17.900775288566667,215.68172030009376,74.73065966036835,109.10601574636729,190.4149026841928,0.0,200.0,156.75,0.0,139.15036576079095,1.0,Medium,2.0
BI: : BkGp#692: CPs=37,692,102.84590824451166,37,88.93981981981977,199.6216216216216,0.0,128.39907394716852,117.12915909101345,19.117277291721155,47.14465713242273,157.9422216975957,377.7961776797471,134.94973624619038,0.0,33.49851337958375,99.0,0.0,139.15036576079095,1.0,Medium,2.0
BI: : BkGp#694: CPs=62,694,86.49554959873863,62,87.13586021505373,0.0,0.0,83.18543273938545,151.550109660896,18.305618763542096,72.16511408299527,103.77862221544939,171.3221481648323,212.12259010887993,0.0,159.71738226925407,99.0,0.0,139.15036576079098,1.0,Medium,2.0
BI: : BkGp#695: CPs=41,695,75.84683440663879,41,88.5533333333333,0.0,0.0,76.77550188250036,47.92590804576893,18.412956019451123,58.22641466725269,92.73735194914539,173.7191936078596,284.207774444069,0.0,98.474703280234,65.1951219512195,0.0,133.47425691874787,1.0,Low,3.0
Kauai: : BkGp#697: CPs=73,697,75.39239638653727,73,49.00699282452704,47.917808219178085,2.0547945205479454,75.50475480578518,87.43658643052562,78.47133260144685,77.72081255108603,48.14490658931915,132.24107218373004,255.76994049745767,0.0,30.837530716700364,153.2876712328767,12.246575342465754,80.24516728241264,0.0,Low,3.0
Kauai: : BkGp#698: CPs=46,698,86.20567005653628,46,52.729575569358175,119.41304347826087,0.0,230.592814821069,130.46748752708348,56.332179033062154,63.195114832057214,18.72842519491711,315.12226415102316,82.0255722600921,0.0,77.19222648338864,90.3913043478261,15.065217391304348,41.82982575860169,0.0,Medium,2.0
Kauai: : BkGp#699: CPs=116,699,121.22278201427545,116,63.035170313170376,202.42241379310346,0.0,351.21101898601347,89.5921219418522,61.99911362847938,29.566870565830953,23.588730646371598,372.3396013204632,186.25919201926516,0.0,153.70971600423775,197.14655172413794,0.0,84.00947362678652,1.0,High,1.0
Kauai: : BkGp#701: CPs=558,701,69.04476089685706,558,45.59626813449441,0.0,0.0,70.2066477244687,63.29528615787607,39.14745101036193,45.1084393977539,96.66615652094787,71.48167538965474,361.081928548267,0.0,29.580371637342704,160.03225806451613,37.435483870967744,16.039446996204934,0.0,Low,3.0
Kauai: : BkGp#702: CPs=137,702,135.10552637763215,137,65.96805352798057,300.0,0.0,295.6078636454582,68.00469925741653,58.137400840275276,69.72643242921835,99.4793204570339,400.0,308.85817498286184,0.0,96.94211946496141,198.0,0.0,65.85883105927624,1.0,High,1.0
Kauai: : BkGp#703: CPs=96,703,147.89340511159568,96,66.44333333333338,300.0,0.0,238.97254055744088,85.06998689972475,58.16578133901302,136.45671126270688,118.52767929159705,400.0,336.1457191075754,0.0,182.65609514370692,198.0,0.0,97.96322973883677,0.010416666666666666,High,1.0
Kauai: : BkGp#704: CPs=741,704,91.29689596418733,741,46.43179615705982,9.963562753036438,45.1417004048583,62.2047940143828,91.16605874875044,52.54148675345646,74.48981418271504,132.7654744296274,133.25815998803844,352.73261226904873,0.0,119.72918497356417,198.0,0.0,51.02879478827122,0.03913630229419703,Medium,2.0
Kauai: : BkGp#705: CPs=339,705,90.51810024765398,339,46.32323500491638,0.0,0.0,87.79056924144061,84.76232094216125,56.590992726505476,82.91184716623931,108.34622047076257,152.78993157856934,400.0,0.0,96.34879009270533,198.0,0.0,43.90759649150905,0.02654867256637168,Medium,2.0
Kauai: : BkGp#706: CPs=635,706,85.68136951892777,635,47.09448668916426,7.861417322834646,50.07874015748032,56.92306555848257,70.00404848865456,51.33302077266997,52.81171348581612,122.96299876038555,117.31139220335318,380.27182241919377,0.0,89.41104859414814,198.0,0.0,41.15678833173292,0.9748031496062992,Medium,2.0
Kauai: : BkGp#707: CPs=87,707,99.5318966513795,87,55.003087027914596,192.79310344827587,0.0,159.76790146697925,135.3591262006157,83.19195892037493,64.75214867132756,16.609602743928658,373.9421256193664,94.7147028837732,0.0,38.39695613045805,195.72413793103448,2.2758620689655173,80.44773665767816,0.0,Medium,2.0
Kauai: : BkGp#708: CPs=297,708,75.59002982335852,297,48.305162738496065,2.0202020202020203,0.0,62.221734998952314,64.8375205256465,80.43477478880381,69.6853286628404,17.08681985599395,104.08827673190784,391.63459661988253,0.0,15.845938739893093,198.0,0.0,79.69009166775874,0.0,Low,3.0
Kauai: : BkGp#709: CPs=66,709,124.2517515971427,66,53.23666666666661,243.72727272727272,0.0,232.31933772813645,78.33809098989627,106.60005840865922,149.49288845889305,48.52195618584567,385.63204340566625,114.97516795582419,0.0,130.41415142505332,198.0,0.0,122.51864000522617,0.0,High,1.0
Kauai: : BkGp#710: CPs=242,710,138.9791569797031,242,55.57891184572985,300.0,0.0,264.31116870209155,69.70760584190215,110.0009378705661,60.52875916799834,54.71132887881468,400.0,355.21069403093657,0.0,17.878760576300852,300.0,0.0,96.75918778120716,0.0,High,1.0
Kauai: : BkGp#711: CPs=142,711,136.8528037611558,142,55.52035211267616,300.0,0.0,245.13704928814818,43.51284821488699,110.54409472708622,76.95626638468289,44.394714048393205,400.0,355.02711987329775,0.0,25.77925431678273,300.0,0.0,95.92035745138247,0.0,High,1.0
Kauai: : BkGp#712: CPs=421,712,134.16736263910127,421,55.13438638163069,249.94061757719714,0.0,204.94844650789562,60.31833358527397,112.28209008022803,91.09061814471961,45.90353980428756,390.6637383388164,399.32215082856953,0.0,29.091619604085917,300.0,0.0,73.81489873381443,0.0,High,1.0
Kauai: : BkGp#713: CPs=86,713,120.04453849859202,86,57.4865503875969,246.3139534883721,0.0,100.0570148089439,163.73003357106836,104.3047742689223,112.25175934204015,36.501964872305514,379.0482863183801,154.01994455434274,0.0,135.23405628414045,198.0,0.0,113.71973958276733,0.0,High,1.0
Kauai: : BkGp#714: CPs=440,714,91.14416975613968,440,46.55997186147199,12.26590909090909,8.522727272727273,71.77585195130443,102.47548591920946,52.08865844305294,144.28241370856068,20.63902087666573,140.8903296753347,355.797793170433,0.0,170.92080367600667,198.0,0.0,42.943580696419914,0.0,Medium,2.0
Kauai: : BkGp#716: CPs=97,716,87.38710181676568,97,46.4872410407462,24.742268041237114,0.0,111.8500779437344,106.31927111153496,54.909733818076056,65.19459789910464,20.409818929226766,175.55407651419483,268.21713985294184,0.0,196.17872140426877,198.0,0.0,42.9435806964201,0.0,Medium,2.0
Kauai: : BkGp#718: CPs=53,718,107.73038787804299,53,61.61566037735846,249.0566037735849,0.0,243.90820701229308,133.43538030466817,51.77297145089213,44.79732500489638,27.67481762923322,360.48579063883744,136.49141018647603,0.0,65.77407109598515,198.0,0.0,42.943580696420014,0.0,High,1.0
Kauai: : BkGp#719: CPs=274,719,81.55410666490278,274,44.8027615571776,0.0,0.0,48.58180174217094,100.27517335455101,45.17355547304598,111.14042337777234,30.297245139810887,107.29151703554375,398.7222845229799,0.0,94.78633900732852,198.0,0.0,44.24049876316025,0.0,Low,3.0
Kauai: : BkGp#722: CPs=655,722,84.4431946322145,655,46.86397891675807,28.067175572519083,29.083969465648856,112.2242043816275,97.16021514674954,46.53374727951612,112.15796253819204,147.26619211779393,168.90887621644995,132.60939450227082,7.32824427480916,77.8807526157705,183.9435114503817,35.36793893129771,41.25175607343347,0.5709923664122137,Medium,2.0
Kauai: : BkGp#723: CPs=325,723,99.96988263738422,325,53.10900499706043,114.46153846153847,1.8461538461538463,166.85007520891168,77.76023295457487,56.197833178645034,102.2166573046942,56.49993161628857,240.8551976093631,249.75515682286067,73.23076923076923,20.111305938857903,198.0,62.14153846153846,26.27108120330861,0.0,Medium,2.0
Kauai: : BkGp#724: CPs=236,724,122.97213296302357,236,45.06655367231636,82.60169491525424,2.542372881355932,119.83190280079157,72.58090842435789,51.368235820111046,137.3829849176715,71.87537990998567,306.2004151733242,390.34196514829495,16.949152542372882,192.92805429104155,198.0,99.0,57.91237394847687,1.0,High,1.0
Kauai: : BkGp#725: CPs=216,725,98.36798683601761,216,47.37201322751321,19.444444444444443,136.11111111111111,48.797123653196095,76.13261918105731,43.16296230551112,168.57061309146636,69.38090172896116,92.12980695808656,298.8303418434292,14.814814814814815,186.9324230077451,140.25,77.45833333333333,56.13229383959368,1.0,Medium,2.0
Kauai: : BkGp#726: CPs=907,726,87.330024835409,907,46.78283509214055,0.0,39.691289966923925,31.72620694245202,119.2503129543942,40.06064004177631,61.36693788157407,99.9135534159903,125.80997163416527,221.67748855972502,64.60859977949283,161.7532614408574,182.82800441014334,50.20948180815876,64.2717886033392,0.9812568908489526,Medium,2.0
Kauai: : BkGp#727: CPs=435,727,123.8933588694571,435,45.402141215107,27.806896551724137,7.586206896551724,103.88347896886121,86.85282278220198,49.85794100244674,169.8545075162914,92.31512167858806,238.51310539544681,387.81966194759707,129.6551724137931,160.8899217388324,198.0,99.0,60.963404934413774,1.0,High,1.0
Kauai: : BkGp#728: CPs=206,728,50.870970775566526,206,42.868871937124325,2.912621359223301,0.0,51.83072133647559,125.07400749530586,47.452670043253335,66.8865786134987,88.10011159746425,51.512875302959365,193.43847412389178,0.0,4.420410480433401,12.014563106796116,0.0,76.55265623707189,0.9854368932038835,Low,3.0
Kauai: : BkGp#729: CPs=148,729,82.30218968267359,148,45.695315315315284,0.0,0.0,70.93497342240964,50.41386159700976,76.40588866828888,112.6573101736444,17.79582822923497,89.84178903130864,366.5870290693884,0.0,107.50810275091764,99.66891891891892,98.33108108108108,98.69274698258766,0.0,Medium,2.0
Kauai: : BkGp#730: CPs=441,730,59.19663564604738,441,50.0539900658677,0.6802721088435374,20.408163265306122,29.04658453563142,94.76702076686995,36.0309696642201,140.93098855962646,36.91464416759109,40.577549374273744,232.05401803553562,0.0,50.39407239605457,74.08163265306122,0.22448979591836735,81.78513930191167,0.9591836734693877,Low,3.0
Kauai: : BkGp#731: CPs=474,731,55.72910421930962,474,44.55618344384194,0.0,0.0,29.784824439583055,78.41637997203843,40.49880363677372,95.37564946414894,39.83223471201325,33.20483297530547,346.9420217577158,0.0,3.021749403051885,39.4746835443038,0.0,84.82919994086772,1.0,Low,3.0
Kauai: : BkGp#732: CPs=550,732,58.929848280399746,550,35.31396363636379,0.0,0.0,49.45002142472703,58.25824981879161,46.90302795615468,54.29396237643667,138.76649635878434,40.42386215667283,379.5941951645023,0.0,4.270655013965227,1.44,0.0,75.23329029959832,1.0,Low,3.0
Kauai: : BkGp#733: CPs=370,733,58.36080978655716,370,37.71087387387384,0.0,0.0,34.67635924765898,56.60826940685031,45.14510793024258,57.28931516850532,45.5799276541363,34.340135070300185,379.9687800876167,0.0,2.8393110652773963,91.77567567567567,0.0,89.47839161821999,1.0,Low,3.0
Kauai: : BkGp#734: CPs=235,734,152.64866347721954,235,66.95822695035437,300.0,0.0,264.4068005947626,110.58575618441444,31.686189034744107,77.76143937136955,87.2632440945269,400.0,269.931385826648,149.7872340425532,187.0526959492229,300.0,0.0,44.29698010969664,1.0,High,1.0
Kauai: : BkGp#736: CPs=662,736,69.44710734950654,662,46.955542828327154,27.33987915407855,7.7039274924471295,127.22441114290935,99.14550672129549,38.84621245758036,47.89338330913261,162.9423701394728,110.56027919588882,95.92685754620805,2.719033232628399,41.71459882208159,172.76737160120845,36.938066465256796,22.904368193866134,0.0,Low,3.0
Kauai: : BkGp#737: CPs=319,737,135.138365383197,319,61.91011165845626,258.5736677115988,0.9404388714733543,248.7383027492676,118.17511735618214,29.104834139196203,120.3229655787473,93.83777770176448,379.2904801847257,186.01092574751465,11.912225705329154,114.07116515622712,290.435736677116,93.72413793103448,20.027593579322435,0.03761755485893417,High,1.0
Kauai: : BkGp#739: CPs=21,739,75.6827748360328,21,45.83598639455781,71.42857142857143,0.0,74.94441859107226,146.04406777384716,47.15253749547027,109.63237986583073,53.60425218348261,217.2295499482891,46.4518581891174,0.0,124.20595592052479,150.85714285714286,4.714285714285714,43.14061617829986,0.0,Low,3.0
Kauai: : BkGp#740: CPs=709,740,106.88841882299937,709,46.48212008865665,5.3526093088857545,43.37094499294781,27.3096346377997,111.94236718945635,36.57651583507174,38.67510614863203,114.6280434886062,178.10098139494335,352.05050975387354,198.02538787023977,143.15197076802227,171.6093088857546,72.60930888575459,63.44147309634601,1.0,High,1.0
Kauai: : BkGp#741: CPs=348,741,93.59234919138731,348,47.220559660645826,20.689655172413794,14.224137931034482,51.89631130943,104.82544516046109,41.9310386724098,54.25344402157571,53.15970601611092,121.63026212402085,347.88006459793127,198.27586206896552,170.58656004009828,104.40517241379311,6.258620689655173,66.64839799226375,1.0,Medium,2.0
Kauai: : BkGp#742: CPs=328,742,102.9523922017503,328,51.2126959930313,84.10060975609755,2.2865853658536586,165.3823982624169,50.1121253093742,58.8106060687737,107.62147986987335,80.65821799186695,241.4227587370869,348.29068177043604,0.0,109.51557929850804,198.0,0.0,46.872144602935386,0.16158536585365854,Medium,2.0
Kauai: : BkGp#743: CPs=179,743,97.32916374735694,179,62.369664804469416,2.782122905027933,1.675977653631285,112.37025424306,58.21321924922142,61.768941117370225,40.33086396194576,17.920333929652553,228.36097757490492,229.63783119718082,94.97206703910615,192.03813721201936,289.8100558659218,1.106145251396648,66.58086420544595,0.9888268156424581,Medium,2.0
Kauai: : BkGp#744: CPs=47,744,107.54199998641484,47,65.26407294832832,67.85106382978724,0.0,323.03323985417825,81.37930763840042,65.21919993822104,30.487070002771485,17.61025319834264,315.16882054719355,128.2888454995709,29.78723404255319,182.3714231491048,260.93617021276594,0.0,65.50096078056853,0.9148936170212766,High,1.0
Kauai: : BkGp#745: CPs=445,745,92.20550854605159,445,59.051105403959546,0.0,45.842696629213485,49.02655887754027,99.55036671722235,47.54134497310043,116.69723283424541,20.940157839388412,110.88098555873974,340.397884855469,0.0,175.97799579069272,234.90337078651686,0.0,82.27292792468492,0.9955056179775281,Medium,2.0
Kauai: : BkGp#746: CPs=227,746,71.79028502039003,227,48.55124606670863,0.0,0.0,47.20087572829545,59.804876100152846,43.045597107535855,93.82597843072277,50.019911511461025,57.14977493801357,341.8548555558953,0.0,118.53058159384895,134.3259911894273,0.0,82.54458708378844,1.0,Low,3.0
Kauai: : BkGp#747: CPs=573,747,72.352698909475,573,45.97296517909122,0.0,2.094240837696335,34.97147495386427,112.62681379405015,37.401651628363574,93.14980030367865,34.044900096226705,55.48333541861253,308.1310550577953,0.0,79.3130585636771,190.22513089005236,0.0,91.87605691901696,1.0,Low,3.0
Kauai: : BkGp#748: CPs=253,748,89.93333130295036,253,54.31139469226409,133.18577075098815,3.5573122529644268,91.74247787051186,117.78878398179636,76.87550024867444,98.14274963728934,45.21455091474809,193.18252820185117,186.34348603833823,0.0,45.48549223000897,200.83399209486166,45.901185770750985,56.43474485920769,0.0,Medium,2.0
Maui: : BkGp#749: CPs=211,749,93.5965305669057,211,60.31907921462435,1.4218009478672986,0.0,217.2009817844033,46.288508916484055,37.67048448370592,93.33462579266805,31.728204403217028,,226.88919706141195,64.45497630331754,75.68753258587408,276.7962085308057,157.64928909952607,20.91053881277457,0.0,Medium,2.0
Maui: : BkGp#762: CPs=718,762,80.7934852827084,718,50.597309324844346,0.0,14.415041782729805,9.580641713250953,76.85941159185013,73.44245499004865,45.295905127597905,27.443621458189384,7.774940833529631,242.40762013062505,64.62395543175488,169.47251891748675,97.89693593314763,132.09192200557104,200.0,1.0,Low,3.0
Maui: : BkGp#763: CPs=422,763,82.23483520168156,422,58.243059128864765,0.0,0.0,10.655680173941205,76.10780625462377,89.3882870370614,31.2495723429415,22.020800483782843,7.454840747545681,174.86290440424366,171.09004739336493,187.1770182105131,99.0,106.27251184834124,200.0,1.0,Medium,2.0
Maui: : BkGp#764: CPs=43,764,129.30625428706978,43,37.91223698781838,155.7906976744186,0.0,293.60766681604235,19.083766141272022,136.4351513200685,43.03248861256416,32.9720983324507,331.69117233904313,239.5821324474946,0.0,70.79078986793282,163.46511627906978,233.58139534883722,181.64910213903417,0.0,High,1.0
Maui: : BkGp#768: CPs=417,768,68.6299131322305,417,26.21031746031743,0.0,0.7194244604316546,13.81191419113379,96.72615255309921,60.57927946510697,36.6976876736579,57.285092472544136,14.882034246031655,268.57658105161653,33.57314148681055,56.333763514461,59.589928057553955,196.38129496402877,108.08208538666346,1.0,Low,3.0
Maui: : BkGp#769: CPs=617,769,67.46083429153404,617,26.40179748398544,0.0,0.0,14.268356934902688,35.7117157768924,45.30054563441944,101.5584914548792,31.115542710141888,13.763270852409086,383.80905709805455,5.510534846029174,22.331592651549368,89.05186385737439,199.19611021069693,43.89363486167662,1.0,Low,3.0
Maui: : BkGp#771: CPs=208,771,68.90583471178513,208,23.532916666666633,0.0,0.0,14.824534225559272,32.74068964292055,64.81350402709253,29.442974044867796,50.2488504000437,17.307141224420644,375.22180558796975,1.9230769230769231,127.28901425630876,99.0,146.1346153846154,51.108398293234934,1.0,Low,3.0
Maui: : BkGp#772: CPs=399,772,64.41615643061773,399,23.395037593984924,0.0,0.0,14.39189453324128,28.662018753179442,62.008730956809124,30.719941319393623,57.43264936701241,15.334289278682979,392.3664565912161,1.0025062656641603,136.9782235569102,85.6015037593985,49.1578947368421,69.1911997469319,1.0,Low,3.0
Maui: : BkGp#773: CPs=468,773,71.70493183212142,468,24.048162393162354,0.0,0.0,14.781933376085254,57.7822279766266,65.30089724588244,31.842974775651726,59.319645224362326,17.1631408784203,334.7747123817803,54.27350427350427,46.83150788205311,62.61538461538461,182.71794871794873,124.12193774095948,0.9978632478632479,Low,3.0
Maui: : BkGp#775: CPs=64,775,70.29658073671537,64,26.188124999999985,0.0,0.0,84.69965407082998,85.60796910845576,97.51618790244508,59.337517266723616,36.19885061151138,142.17982309397613,231.788398869208,0.0,15.349355797819635,99.0,120.65625,55.92657932976086,0.0,Low,3.0
Maui: : BkGp#777: CPs=36,777,66.08442242508217,36,44.425277777777794,0.0,54.166666666666664,63.132698276876795,31.773312304201397,99.30212052670696,75.43095978439274,41.87331548603814,108.7815786790665,99.93243576264723,0.0,117.29985684395989,99.0,99.0,57.14811426789858,0.0,Low,3.0
Maui: : BkGp#781: CPs=237,781,122.41471507862005,237,47.67649989953798,25.60759493670886,2.5316455696202533,230.47786950630868,55.44586632355082,129.55942899303048,49.34756905296362,36.31514533382736,235.7347470608143,394.73466687281996,0.0,49.84088352506768,196.32911392405063,197.16455696202533,185.45513821897472,0.0,High,1.0
Maui: : BkGp#783: CPs=47,783,104.88452063795438,47,54.83503546099289,212.5531914893617,0.0,290.8116884883986,135.56370127118592,104.90567249717179,50.53890508952595,31.506684186677795,372.92972690297785,121.62201621147031,0.0,22.659890770301338,99.0,25.27659574468085,51.06470145657076,0.0,High,1.0
Maui: : BkGp#790: CPs=350,790,65.8092605804095,350,36.107265306122436,0.0,60.0,73.72780480302094,120.60990253386137,27.638837063765042,66.90539684228258,122.20152910185817,33.29978164836642,90.9525083527944,32.0,67.00835339091043,143.46,90.79714285714286,22.430386806016994,0.6142857142857143,Low,3.0
Maui: : BkGp#791: CPs=443,791,66.97951888153737,443,46.40454907019268,0.0,100.56433408577878,24.76652260185276,107.48690818919515,34.3079529098965,77.77915796713366,35.58205422405163,20.386987527566227,120.53830344887746,60.0451467268623,138.3964186877916,56.53950338600451,159.11512415349887,22.779820244358294,1.0,Low,3.0
Maui: : BkGp#792: CPs=328,792,68.24943386687852,328,46.258445121951205,0.0,50.76219512195122,42.91276798821007,90.03976840162393,40.60754923530664,140.45147156259975,119.97138091531717,38.480587925243,255.87141598774312,4.878048780487805,24.76612922719904,86.92682926829268,62.478658536585364,19.336259930667307,0.9542682926829268,Low,3.0
Maui: : BkGp#793: CPs=272,793,63.28317233528232,272,45.865964635854326,0.0,0.0,62.2590156539634,94.27884939164642,41.39349293124891,122.12697966438706,122.28622248167167,49.62817886450513,280.8964193523871,0.0,12.168425348335594,99.0,0.0,19.34403670523538,1.0,Low,3.0
Maui: : BkGp#794: CPs=112,794,60.610884678070875,112,45.0675637755102,0.0,5.357142857142857,95.45103740181297,112.2841847281998,44.249817734644644,94.47329447847804,160.97701746682637,64.59381514668254,159.88629468856217,0.0,3.90768795129548,104.30357142857143,0.0,18.611842513336597,0.8928571428571429,Low,3.0
Maui: : BkGp#797: CPs=116,797,51.49149798764743,116,33.25293924466339,0.0,12.931034482758621,83.37181230794359,105.63625714924905,31.306234379940634,30.392867336865667,138.1199587653895,41.42952258334892,92.1322225429187,0.0,4.9793240149003815,180.07758620689654,0.0,18.7427107998365,0.75,Low,3.0
Maui: : BkGp#798: CPs=258,798,55.91121920004321,258,37.01312476928752,0.0,66.27906976744185,49.505654633019866,114.81415303613608,33.60168234435121,77.68411998053098,136.0843232231667,33.75403260612142,100.28479308395602,6.2015503875969,21.267507164204297,110.12790697674419,32.616279069767444,19.434090958322834,1.0,Low,3.0
Maui: : BkGp#799: CPs=31,799,111.39905327098005,31,45.78376344086021,264.48387096774195,0.0,302.6830389289603,14.166245774707761,115.20115204352378,14.74641444140667,118.10161441145506,385.49615090983474,64.23434741065613,0.0,21.54160938648934,86.2258064516129,201.29032258064515,37.03146231680636,0.0,High,1.0
Maui: : BkGp#800: CPs=657,800,73.40161752775774,657,43.69877002246884,0.0,5.47945205479452,12.57415364150111,59.28895739132233,91.6937378486921,53.07326401400774,36.077979545082265,10.459323043883348,118.49851876445908,70.92846270928463,164.93657538772086,93.57534246575342,140.73972602739727,200.0,0.9954337899543378,Low,3.0
Maui: : BkGp#801: CPs=630,801,89.62040961369843,630,50.59200302343223,0.0,0.0,70.44517306500346,77.10421634891951,135.9873740602471,28.017681098297057,21.122990453181988,54.42096327102524,366.6339535921837,0.0,141.3532178646146,99.31428571428572,99.31428571428572,200.0,0.0,Medium,2.0
Maui: : BkGp#805: CPs=28,805,108.38721816218529,28,62.21778911564627,117.64285714285714,0.0,303.8752492669338,36.94515218378829,139.83548188891228,56.89198555052856,12.06489517951306,310.9578218547319,40.26210288176914,7.142857142857143,96.92765113974235,99.0,152.14285714285714,188.6440607158567,0.0,High,1.0
Maui: : BkGp#806: CPs=76,806,62.09137036672531,76,30.829248120300736,0.0,59.21052631578947,22.21841795213843,70.3732865023405,48.191480372097374,124.2746728669086,24.124836404552294,21.700023197790667,64.41703456407105,39.473684210526315,181.69109592613844,7.815789473684211,203.3684210526316,33.682038541909556,0.39473684210526316,Low,3.0
Maui: : BkGp#808: CPs=28,808,69.8446339318726,28,42.05011904761905,0.0,133.92857142857142,42.738387696229545,13.268035991678946,116.85875085777067,100.97488890326761,45.085487864384255,126.4008030079896,100.39700879981667,0.0,67.19524281466799,99.0,102.64285714285714,57.12935542323603,0.0,Low,3.0
Maui: : BkGp#810: CPs=67,810,98.3577794144774,67,51.2707818052594,58.208955223880594,31.34328358208955,129.03678722040198,103.27947007565787,131.6446970823324,113.34707352602767,89.26007401295263,122.74878905034304,48.67397872701413,0.0,24.149815836575307,72.40298507462687,300.0,200.0,0.0,Medium,2.0
Maui: : BkGp#811: CPs=89,811,109.26488671236079,89,41.87093632958798,2.2247191011235956,0.0,134.59289014444684,66.79042543841456,151.6318148135988,27.237171616387617,37.635983077464715,155.37942541881316,223.60993474557432,200.0,200.0,99.0,99.0,200.0,0.0,High,1.0
Maui: : BkGp#812: CPs=89,812,107.08765986580427,89,53.49168539325844,0.0,0.0,180.76644279588925,30.067071791776694,150.71962280613639,21.950914280104897,27.288823785039277,214.7792594674895,262.64698639889855,11.235955056179776,195.30072048195453,129.03370786516854,129.03370786516854,200.0,0.0,High,1.0
Maui: : BkGp#813: CPs=24,813,111.94698371356118,24,41.146666666666654,41.375,0.0,256.7434025628953,21.418210214222487,157.71251342248988,27.78610999518281,67.47827963507034,302.26052077059694,81.9507191029598,83.33333333333333,200.0,99.0,99.0,200.0,0.0,High,1.0
Maui: : BkGp#818: CPs=238,818,72.5859678722509,238,34.065384153661405,0.0,216.1764705882353,36.345098661977815,71.60628006553237,65.06960785378443,155.15897113651613,23.724693722166442,40.555392012496064,132.26930564631755,0.0,74.41597055075731,99.0,79.03361344537815,61.36873024694127,0.0,Low,3.0
Maui: : BkGp#819: CPs=283,819,76.04392737847681,283,24.30504290762239,0.0,74.73498233215548,34.99835662462817,118.47336762740353,86.81223068759009,117.39952896600664,25.122094115251222,53.8587290986286,236.76970363171068,0.0,92.4940552693604,99.0,63.667844522968196,113.02297489382775,0.0,Low,3.0
Maui: : BkGp#821: CPs=40,821,73.19284289509407,40,41.86166666666669,0.0,135.0,67.56576693824537,18.31280510927575,110.00183828439378,93.7954015831572,53.54865162559723,163.08562880644203,92.366724555042,0.0,77.10604558969273,99.0,89.1,57.14811426789858,0.0,Low,3.0
Maui: : BkGp#824: CPs=48,824,88.7532112237928,48,50.051349206349194,70.6875,0.0,190.2577335242676,109.2273073816978,54.27659217890843,54.198362680562845,67.78938333217417,212.87552482015977,65.37028791733226,4.166666666666667,59.63825569871156,195.9375,123.75,73.0717049500616,0.0,Medium,2.0
Maui: : BkGp#825: CPs=167,825,112.39129436610385,167,34.11757627601937,2.9820359281437128,0.0,208.7721706607225,104.8566458672956,66.07088318856741,38.50585767460675,31.67723431698834,174.08623221489276,393.19985139988955,0.0,120.4880625270768,198.0,198.0,115.11286543735362,0.0,High,1.0
Maui: : BkGp#826: CPs=56,826,93.85416630995621,56,37.62487244897959,10.660714285714286,0.0,192.98837495922535,84.31419877305153,61.617344590258654,41.16781616136401,45.58407509553411,177.6491999898798,121.47911359527201,7.142857142857143,177.41752796262207,198.0,162.64285714285714,89.52354250172793,0.0,Medium,2.0
Maui: : BkGp#827: CPs=34,827,90.79721875366802,34,45.89270308123248,55.85294117647059,44.11764705882353,215.71500696361838,70.16263426690432,74.18134410935816,39.29727162779875,20.167236163034104,221.63579270448102,56.227186244042215,0.0,189.85600186556286,107.73529411764706,90.26470588235294,130.8525160436937,0.0,Medium,2.0
Maui: : BkGp#830: CPs=603,830,66.15620146344197,603,25.496215746663474,0.0,0.0,14.863846527311816,63.8427885503446,51.900417135764606,53.91549453193977,34.88798444467017,14.961441800186574,374.6435949759586,8.955223880597014,16.90161679215414,93.08955223880596,198.0,40.88484532723143,1.0,Low,3.0
Maui: : BkGp#832: CPs=467,832,82.66690023585893,467,27.0961343938003,0.0,0.0,15.731004317905265,75.6548012455819,42.44480241893756,86.15008148005575,24.919362918922058,14.782414918623285,387.36938781727633,161.02783725910064,121.66009129822983,0.0,249.7644539614561,33.403131507993294,1.0,Medium,2.0
Maui: : BkGp#833: CPs=60,833,77.36507973130162,60,48.20773809523807,10.0,0.0,101.0767738898476,33.41546581476349,108.65263228797659,60.20048911084134,28.743701869187927,92.87570002673179,115.46557782497311,43.333333333333336,196.8946151304922,99.0,56.1,166.51016858613892,0.0,Low,3.0
Maui: : BkGp#834: CPs=307,834,87.22471702468128,307,30.391772917636086,1.9348534201954397,45.43973941368078,141.58813996637983,78.46441762964179,75.69585595752167,84.21954114792207,109.01483672750153,151.79259849365081,217.83799011759623,0.0,20.856590361017936,165.4299674267101,143.50162866449512,42.20282312627004,0.0,Medium,2.0
Maui: : BkGp#835: CPs=21,835,52.438861367178546,21,29.580952380952372,0.0,0.0,76.37811780793916,99.9076641247025,89.95289626509307,80.41262301329346,31.03461329289441,115.84460406092492,78.91732949263084,0.0,6.597762990230781,99.0,18.857142857142858,60.09921422187398,0.0,Low,3.0
Maui: : BkGp#836: CPs=21,836,100.00144071434153,21,41.82761904761904,0.0,0.0,147.13924566531037,14.64262535261572,154.70476007537943,29.684334542505223,51.62479598733549,168.23196829323444,94.16626175112349,200.0,200.0,99.0,99.0,200.0,0.0,Medium,2.0
Maui: : BkGp#840: CPs=326,840,62.72740146103239,326,50.239062226117404,0.30368098159509205,3.6809815950920246,201.98771375796716,83.96398735978086,32.07524880974097,64.22711143653227,102.82823725827832,,52.72485419351713,0.0,30.13613673259681,160.6840490797546,66.20245398773007,29.13010303575026,0.0,Low,3.0
Maui: : BkGp#842: CPs=79,842,130.79010573586655,79,49.10936708860754,265.63291139240505,0.0,157.7207287847876,57.44579029841151,161.11349735872184,28.91355956755179,129.0983416503341,389.2450894871785,160.2096904816335,0.0,154.08412891570785,99.0,110.27848101265823,200.0,0.0,High,1.0
Maui: : BkGp#843: CPs=471,843,70.74984742825926,471,55.22259023354555,0.0,0.0,14.272894796452755,64.61590089490912,81.08413974052512,24.85486844128098,14.376649938428127,7.6506666010006565,105.98442004331599,70.91295116772824,167.64575297902718,121.70063694267516,134.36942675159236,198.02279928414416,0.8641188959660298,Low,3.0
Maui: : BkGp#844: CPs=274,844,57.17448732773255,274,37.768746958637415,0.0,6.021897810218978,12.715298540641445,114.7658640839924,30.491788032387163,48.60369256926053,23.77484602268591,9.055724638472439,90.11581569179289,7.299270072992701,122.00849290690358,31.072992700729927,163.1167883211679,160.80609156610467,0.9708029197080292,Low,3.0
