,BlockBk_ID,Final_Prioity_Score,OSDS_count,In_2017_CP_zone,Final_Cat_Ranking,Fin_Rank
1,3,76.26195468362435,26,1.0,Medium,2.0
4,11,89.780744603714,61,1.0,Medium,2.0
7,26,81.94030368810331,11,0.0,Medium,2.0
11,34,118.36880876407895,14,1.0,High,1.0
14,37,78.45588773868782,16,0.0,Medium,2.0
15,46,116.29714850186554,12,1.0,High,1.0
20,65,84.37438064592922,39,1.0,Medium,2.0
21,66,72.0260425732623,12,1.0,Low,3.0
22,67,48.421312997528226,42,1.0,Low,3.0
24,72,69.56528691871398,70,1.0,Low,3.0
25,76,73.73647256797818,41,1.0,Medium,2.0
27,82,50.04357493688514,11,0.0,Low,3.0
28,85,53.164777784248614,14,0.0,Low,3.0
36,101,29.16238699751322,37,0.13513513513513514,Low,3.0
38,103,31.059214146054455,29,1.0,Low,3.0
41,113,34.993704238774825,54,0.0,Low,3.0
42,114,34.097243970381676,13,1.0,Low,3.0
43,115,81.61181080582543,46,0.0,Medium,2.0
44,116,89.95590625769617,17,0.47058823529411764,Medium,2.0
45,117,58.69151826637702,67,0.0,Low,3.0
46,118,86.32509034503757,45,1.0,Medium,2.0
47,121,109.43150640335236,56,1.0,High,1.0
48,122,99.75305075868714,44,0.7045454545454546,High,1.0
49,124,114.79110574710911,24,1.0,High,1.0
50,125,117.99316491618879,15,1.0,High,1.0
56,131,51.95165840125129,12,0.0,Low,3.0
57,132,58.692351548382895,13,0.0,Low,3.0
58,134,37.84947783626445,34,0.0,Low,3.0
65,160,73.16960669339267,12,0.0,Medium,2.0
67,178,43.51433052570436,13,0.0,Low,3.0
68,179,110.30274772409061,25,1.0,High,1.0
69,180,40.662786658276474,69,0.0,Low,3.0
71,187,69.63603234419115,24,1.0,Low,3.0
72,191,93.63798799409697,135,0.6962962962962963,High,1.0
73,193,85.77381730584267,22,1.0,Medium,2.0
74,195,99.9951579070596,120,1.0,High,1.0
77,199,69.06833914696112,30,1.0,Low,3.0
80,215,66.42372933941049,38,0.0,Low,3.0
81,218,62.55639540798922,31,1.0,Low,3.0
84,228,51.680245344655994,25,0.0,Low,3.0
85,229,48.01014997125559,11,0.0,Low,3.0
87,233,46.147275797058604,27,0.0,Low,3.0
88,236,51.92744844253561,18,0.0,Low,3.0
89,238,122.66393029739058,20,1.0,High,1.0
91,241,110.51552895460654,22,1.0,High,1.0
92,251,68.61147630653909,23,1.0,Low,3.0
93,252,68.37948397664606,33,1.0,Low,3.0
94,253,68.67930545653581,62,1.0,Low,3.0
95,254,89.53235616314528,23,1.0,Medium,2.0
97,260,93.40599742451694,57,1.0,High,1.0
98,261,64.98479856631076,58,1.0,Low,3.0
99,262,71.20775439189825,139,1.0,Low,3.0
100,263,85.49090198836154,24,1.0,Medium,2.0
104,275,65.39130800071007,25,1.0,Low,3.0
105,277,132.07510087149745,13,1.0,High,1.0
122,351,55.06231539478822,18,0.0,Low,3.0
124,355,32.412009942569014,39,1.0,Low,3.0
131,388,86.97524254224606,33,0.0,Medium,2.0
135,412,50.91744407547396,28,1.0,Low,3.0
136,413,76.63775565710591,17,0.058823529411764705,Medium,2.0
137,416,79.9545297930415,26,1.0,Medium,2.0
145,468,35.283176125826486,17,0.0,Low,3.0
156,495,37.90453027785466,41,0.0,Low,3.0
167,516,65.85056309729222,11,0.0,Low,3.0
169,522,117.38919035043709,533,1.0,High,1.0
171,526,75.12816991142249,20,0.0,Medium,2.0
172,527,63.34130870323722,17,0.0,Low,3.0
173,529,76.96397676619566,23,0.0,Medium,2.0
174,530,98.27151035337928,18,0.0,High,1.0
176,536,75.40991036704543,20,0.0,Medium,2.0
177,537,70.32639077740902,90,0.0,Low,3.0
180,555,54.74349476144534,15,0.0,Low,3.0
185,576,40.27648553553309,24,0.0,Low,3.0
186,577,41.11204230480516,54,1.0,Low,3.0
189,580,53.32770797518524,15,0.0,Low,3.0
190,581,83.1921544771942,18,0.0,Medium,2.0
191,583,48.970070164660335,11,0.0,Low,3.0
192,585,40.31000232127206,17,1.0,Low,3.0
200,610,65.20275592056589,34,0.0,Low,3.0
206,643,35.41185937950864,36,0.9722222222222222,Low,3.0
209,646,31.677844186374166,19,1.0,Low,3.0
210,647,34.763611991788224,21,1.0,Low,3.0
211,648,41.05936563543769,38,1.0,Low,3.0
212,649,37.06201387144674,21,1.0,Low,3.0
217,656,83.07424370006048,62,1.0,Medium,2.0
218,658,114.34538442974582,102,1.0,High,1.0
227,684,35.281281451751774,16,0.5,Low,3.0
228,686,77.30450392465985,38,0.0,Medium,2.0
238,711,70.0823194041638,21,0.0,Low,3.0
240,715,30.331649517469447,16,1.0,Low,3.0
241,716,41.0979234928086,38,1.0,Low,3.0
244,719,64.64362819742489,24,0.0,Low,3.0
245,725,82.52221276363171,15,0.0,Medium,2.0
247,736,108.32783316749126,13,1.0,High,1.0
252,754,86.01485344892556,57,1.0,Medium,2.0
253,755,94.04261525790344,16,1.0,High,1.0
254,756,94.95791495581683,33,1.0,High,1.0
256,760,123.17924885736583,22,1.0,High,1.0
258,768,69.37174141414246,20,1.0,Low,3.0
259,769,58.99247361229032,19,1.0,Low,3.0
272,834,82.96329455900417,29,0.0,Medium,2.0
278,845,91.22982357517316,13,0.0,Medium,2.0
282,861,37.758201815364124,62,1.0,Low,3.0
284,863,36.12158010483898,55,1.0,Low,3.0
286,865,43.22478635985422,18,0.0,Low,3.0
287,867,42.288509058428694,14,1.0,Low,3.0
288,868,36.732022779807565,34,1.0,Low,3.0
289,869,43.63958874959522,43,1.0,Low,3.0
290,870,37.29163767001029,19,1.0,Low,3.0
293,873,144.67482537488567,12,1.0,High,1.0
294,874,97.47025660207977,48,1.0,High,1.0
295,876,62.84024293165867,22,0.0,Low,3.0
296,877,69.91471975667649,33,1.0,Low,3.0
297,881,59.95772276725787,205,0.8439024390243902,Low,3.0
299,885,64.11552759879626,114,0.0,Low,3.0
303,890,69.8948252221185,12,0.0,Low,3.0
307,901,50.35532677764952,50,0.0,Low,3.0
311,908,51.16705912674696,27,0.0,Low,3.0
314,911,46.79807556981105,14,0.0,Low,3.0
315,912,59.529070523981474,26,0.0,Low,3.0
320,930,44.811630771890606,11,0.0,Low,3.0
321,931,73.08856490643801,22,0.0,Medium,2.0
322,932,67.56864034369343,23,0.0,Low,3.0
323,934,52.48148698196179,12,0.0,Low,3.0
326,937,42.1855499204578,171,0.0,Low,3.0
327,938,47.75052711127393,47,1.0,Low,3.0
328,939,34.1288439959311,28,0.0,Low,3.0
329,942,69.7945226187525,31,1.0,Low,3.0
333,963,67.10040131450116,26,1.0,Low,3.0
334,965,68.95814311850029,50,0.0,Low,3.0
335,967,84.31192524276672,57,0.0,Medium,2.0
336,976,68.97675943027683,20,1.0,Low,3.0
337,978,87.32767611144966,19,1.0,Medium,2.0
338,982,62.890129439570764,14,1.0,Low,3.0
339,984,73.9578143746871,34,1.0,Medium,2.0
342,998,60.94129753083996,104,1.0,Low,3.0
346,1005,73.05666250665783,16,1.0,Medium,2.0
350,1014,68.30302008308033,19,0.0,Low,3.0
358,1049,53.03924121056718,13,0.0,Low,3.0
362,1055,69.27919741964223,40,1.0,Low,3.0
363,1056,66.09744806433223,35,1.0,Low,3.0
364,1057,64.82770820145518,40,1.0,Low,3.0
366,1059,62.66031894903974,40,1.0,Low,3.0
367,1060,63.479906114879526,61,1.0,Low,3.0
368,1061,60.39225672497434,56,1.0,Low,3.0
370,1063,49.522502637335805,26,1.0,Low,3.0
374,1067,36.70171960297078,13,1.0,Low,3.0
375,1068,50.82044056478714,17,1.0,Low,3.0
377,1070,32.37307587208645,13,1.0,Low,3.0
382,1088,55.159517147519104,17,0.0,Low,3.0
386,1104,101.08045259740155,31,0.0,High,1.0
389,1123,87.6184379185084,129,0.0,Medium,2.0
390,1126,78.99811729172761,60,0.0,Medium,2.0
391,1127,107.14813782786226,105,1.0,High,1.0
393,1132,90.29843996935243,11,0.0,Medium,2.0
395,1136,75.07253159352554,56,0.0,Medium,2.0
396,1154,60.24885174998027,19,0.0,Low,3.0
397,1157,64.03961593208996,13,0.0,Low,3.0
398,1158,64.4162177028965,19,0.0,Low,3.0
409,1195,32.1652324478605,24,0.0,Low,3.0
410,1197,41.69422358838797,31,0.0,Low,3.0
426,1225,72.70501541313574,74,0.0,Low,3.0
427,1228,90.03620327693903,17,0.0,Medium,2.0
428,1229,77.86618532969983,33,0.0,Medium,2.0
429,1230,69.77082678709752,30,0.0,Low,3.0
430,1231,71.72988700974791,73,0.0,Low,3.0
431,1232,73.4308795989591,19,0.0,Medium,2.0
432,1234,84.14457542158834,82,0.0,Medium,2.0
434,1240,46.2428272495417,27,0.0,Low,3.0
437,1247,94.67644758567995,14,0.21428571428571427,High,1.0
438,1261,35.13998357078381,13,0.0,Low,3.0
441,1272,67.11492496554887,453,1.0,Low,3.0
442,1273,46.31168136381953,25,1.0,Low,3.0
445,1278,37.22413795327365,12,1.0,Low,3.0
446,1279,32.768389342454995,16,0.0,Low,3.0
449,1291,79.61229749548482,19,1.0,Medium,2.0
453,1307,67.42036777890358,18,0.5555555555555556,Low,3.0
454,1311,55.86218475708893,13,0.0,Low,3.0
455,1312,60.50959719392553,13,0.0,Low,3.0
462,1346,42.431068393111026,16,1.0,Low,3.0
463,1351,38.79737547772559,30,1.0,Low,3.0
470,1387,81.6955212669438,23,0.0,Medium,2.0
471,1392,67.91363208764133,23,0.43478260869565216,Low,3.0
473,1399,116.36236881186711,11,1.0,High,1.0
475,1420,55.77911357126504,95,1.0,Low,3.0
480,1441,84.10934219161626,13,0.0,Medium,2.0
488,1463,65.5899524385434,14,1.0,Low,3.0
497,1513,77.81853208319943,32,0.0,Medium,2.0
498,1514,78.52240520326956,11,0.0,Medium,2.0
499,1515,86.80222676628064,19,0.0,Medium,2.0
501,1524,65.76439875442962,43,1.0,Low,3.0
502,1525,101.13397767371843,53,1.0,High,1.0
503,1526,84.44997358211265,31,1.0,Medium,2.0
505,1528,72.86335283532867,94,1.0,Low,3.0
506,1530,71.3660756569374,71,1.0,Low,3.0
507,1531,84.08821052671294,63,1.0,Medium,2.0
508,1533,87.90771223295341,58,1.0,Medium,2.0
509,1535,92.69227862536982,17,0.0,Medium,2.0
513,1575,36.08887141323761,11,0.0,Low,3.0
514,1576,46.138016018158744,13,1.0,Low,3.0
515,1579,108.99145230482881,26,1.0,High,1.0
516,1580,112.95369877532603,40,1.0,High,1.0
519,1608,64.3984138270356,18,0.0,Low,3.0
520,1613,94.91136794795689,14,1.0,High,1.0
523,1628,34.637891859172235,75,1.0,Low,3.0
524,1629,37.430469146165606,15,1.0,Low,3.0
529,1634,24.5110583957059,14,0.9285714285714286,Low,3.0
542,1674,50.98149208156943,16,0.0,Low,3.0
545,1682,59.62041219106333,52,1.0,Low,3.0
546,1683,74.13372747433725,47,1.0,Medium,2.0
547,1684,67.04816381608195,33,1.0,Low,3.0
549,1697,50.92566509319186,30,0.0,Low,3.0
550,1699,45.20857156569284,11,0.0,Low,3.0
559,1766,54.91502832712008,130,1.0,Low,3.0
560,1767,33.58088714575835,15,1.0,Low,3.0
563,1773,36.385663528610905,37,1.0,Low,3.0
564,1776,41.36474461876363,21,0.0,Low,3.0
565,1777,54.40873452738737,12,0.0,Low,3.0
566,1780,53.05197971917,47,0.0,Low,3.0
567,1782,39.97586524428807,30,0.0,Low,3.0
573,1811,58.221862558487715,34,0.0,Low,3.0
574,1812,75.65230238887932,27,0.0,Medium,2.0
576,1814,127.64288835366513,25,1.0,High,1.0
585,1836,46.65136957618405,26,0.0,Low,3.0
598,1864,73.84286707589939,15,0.0,Medium,2.0
609,1912,82.23933896960465,12,0.0,Medium,2.0
610,1914,81.96282504746813,11,0.0,Medium,2.0
612,1923,77.00810445829102,83,1.0,Medium,2.0
615,1926,39.52677646428485,15,0.0,Low,3.0
616,1927,99.44939568897223,189,0.9735449735449735,High,1.0
621,1940,61.52401426939279,201,0.945273631840796,Low,3.0
628,1965,36.43593858711194,12,1.0,Low,3.0
629,1966,39.860494817591274,20,1.0,Low,3.0
631,1969,53.722236319088125,36,1.0,Low,3.0
636,1994,53.58779421789412,14,0.0,Low,3.0
639,1997,45.41522878317895,44,0.8636363636363636,Low,3.0
640,2003,85.85473233787485,123,1.0,Medium,2.0
644,2024,62.77859092348815,20,0.0,Low,3.0
647,2031,89.15914374101663,27,0.0,Medium,2.0
648,2034,44.84078096269353,19,0.2631578947368421,Low,3.0
649,2037,73.46159443717517,221,1.0,Medium,2.0
654,2052,86.91100505221127,11,0.0,Medium,2.0
656,2059,93.83407688384833,18,0.0,High,1.0
658,2068,44.27522747558462,28,0.0,Low,3.0
660,2071,68.60697417752984,19,1.0,Low,3.0
661,2072,72.0686701717936,11,1.0,Low,3.0
662,2073,70.19453165074859,32,1.0,Low,3.0
663,2074,67.28850313707254,27,1.0,Low,3.0
664,2075,73.01666863772775,46,1.0,Medium,2.0
665,2077,74.57032984297821,47,1.0,Medium,2.0
667,2100,56.434264582735544,20,0.0,Low,3.0
668,2101,83.55322988465731,20,0.0,Medium,2.0
672,2120,98.74629027825613,63,1.0,High,1.0
678,2144,63.27728132708446,315,1.0,Low,3.0
680,2150,71.36207495732705,39,1.0,Low,3.0
695,2213,61.51794701135389,374,0.9732620320855615,Low,3.0
696,2216,89.80757237191057,18,1.0,Medium,2.0
702,2240,65.63035968608189,16,0.0,Low,3.0
705,2244,30.71980675004955,14,1.0,Low,3.0
707,2248,65.45761160064642,52,1.0,Low,3.0
710,2254,63.171588701322506,16,1.0,Low,3.0
713,2267,46.14210868024843,16,0.3125,Low,3.0
717,2285,55.98219151929688,39,1.0,Low,3.0
718,2286,72.94564064245789,35,1.0,Low,3.0
719,2290,100.38024984560084,74,1.0,High,1.0
720,2291,94.2339643802536,17,1.0,High,1.0
721,2293,124.4628620299239,24,1.0,High,1.0
723,2295,118.144409146772,38,1.0,High,1.0
730,2319,32.670488895419666,15,1.0,Low,3.0
734,2323,41.37656174201138,15,1.0,Low,3.0
735,2324,39.957539322026534,22,1.0,Low,3.0
736,2325,31.572339867450868,24,1.0,Low,3.0
737,2326,33.65253277613211,21,1.0,Low,3.0
738,2327,34.7342334925893,18,1.0,Low,3.0
739,2328,34.56532265498027,14,1.0,Low,3.0
740,2329,45.187832449368315,31,1.0,Low,3.0
742,2332,107.02147539011986,105,1.0,High,1.0
745,2339,111.97383286623014,21,1.0,High,1.0
754,2359,86.91275190315372,18,1.0,Medium,2.0
755,2367,40.048485208198635,17,1.0,Low,3.0
757,2394,41.49531514777456,59,0.0,Low,3.0
759,2417,61.44067172839312,38,0.0,Low,3.0
767,2425,32.81916868506265,13,0.0,Low,3.0
774,2432,22.956387050498698,13,0.0,Low,3.0
775,2433,55.12448712365484,25,1.0,Low,3.0
776,2434,46.295215988065614,70,1.0,Low,3.0
780,2452,43.95903221198322,17,0.0,Low,3.0
787,2477,61.938642164844126,40,0.95,Low,3.0
789,2480,51.04122085742466,17,0.0,Low,3.0
790,2486,74.92851486663581,17,0.0,Medium,2.0
796,2500,52.64381474950219,11,0.0,Low,3.0
797,2509,63.1132666090098,43,0.0,Low,3.0
800,2513,60.72803560399437,19,0.0,Low,3.0
802,2517,54.830163186454335,14,0.0,Low,3.0
809,2542,82.35926467098275,50,0.0,Medium,2.0
811,2544,61.402414100522414,12,0.0,Low,3.0
812,2548,74.93905647833797,19,1.0,Medium,2.0
814,2550,58.2296814578244,49,1.0,Low,3.0
817,2557,76.45146020829313,13,1.0,Medium,2.0
826,2579,32.759293937039644,13,1.0,Low,3.0
827,2580,30.938344386029762,13,1.0,Low,3.0
831,2595,56.73630938637813,12,1.0,Low,3.0
832,2596,101.73255934711048,26,1.0,High,1.0
834,2602,83.43564635493881,28,0.25,Medium,2.0
835,2607,45.06533247066858,78,0.0,Low,3.0
841,2628,95.25436718258997,24,1.0,High,1.0
845,2633,114.41659041841747,12,1.0,High,1.0
846,2635,111.85108958471122,15,1.0,High,1.0
850,2658,81.48375844582682,11,0.0,Medium,2.0
852,2672,70.19548317253233,12,0.0,Low,3.0
860,2694,38.326054675248486,17,0.0,Low,3.0
861,2695,93.52435237301457,12,1.0,High,1.0
862,2697,54.07511880904915,16,0.0,Low,3.0
867,2718,73.12355907873909,20,0.0,Medium,2.0
868,2719,58.643364530468084,27,0.0,Low,3.0
869,2720,63.461838182746746,21,0.0,Low,3.0
888,2764,73.49812881602499,34,1.0,Medium,2.0
889,2773,59.32949126657549,53,0.0,Low,3.0
890,2776,65.746293988502,20,0.0,Low,3.0
894,2782,49.3923176192556,11,0.0,Low,3.0
895,2783,48.273318465010156,11,0.0,Low,3.0
907,2804,73.53158164533691,47,0.0,Medium,2.0
908,2806,76.55041519787044,25,0.0,Medium,2.0
909,2807,75.6268607195119,11,0.0,Medium,2.0
910,2808,56.008318114162584,11,0.0,Low,3.0
911,2814,86.37346543689848,78,0.0,Medium,2.0
912,2817,97.16420028686801,14,0.0,High,1.0
913,2818,90.11145316062411,30,0.0,Medium,2.0
914,2820,72.58475004737839,13,0.0,Low,3.0
916,2824,63.153546516060196,14,1.0,Low,3.0
919,2838,52.44509516216945,11,0.0,Low,3.0
928,2850,92.31954497474986,11,0.0,Medium,2.0
933,2866,76.15611210378621,25,1.0,Medium,2.0
935,2893,60.31011336364364,29,0.1724137931034483,Low,3.0
937,2895,66.69555053766915,20,1.0,Low,3.0
938,2896,56.2864490800715,14,1.0,Low,3.0
939,2897,89.33648266905088,17,1.0,Medium,2.0
940,2899,80.45630416816414,14,1.0,Medium,2.0
941,2900,61.37505629178833,18,1.0,Low,3.0
943,2906,65.31542787105431,15,1.0,Low,3.0
952,2928,33.540818198366225,30,1.0,Low,3.0
955,2942,38.74514913699605,12,1.0,Low,3.0
959,2947,47.95907278318845,17,0.4117647058823529,Low,3.0
960,2949,118.89054953583356,17,1.0,High,1.0
962,2952,61.52369912120489,88,0.4090909090909091,Low,3.0
969,2991,65.6467306493637,12,0.0,Low,3.0
971,2994,48.2017684441357,12,0.0,Low,3.0
985,3010,34.17345155554875,33,1.0,Low,3.0
986,3016,72.44024301885658,11,0.0,Low,3.0
993,3042,107.68154409171792,46,1.0,High,1.0
994,3043,85.26898346969472,24,1.0,Medium,2.0
996,3045,72.41636758894391,15,1.0,Low,3.0
997,3047,53.60310911914598,22,0.0,Low,3.0
998,3049,131.12512707440445,37,1.0,High,1.0
1000,3065,44.495409781328696,11,0.0,Low,3.0
1003,3089,53.3942052006838,28,0.0,Low,3.0
1013,3126,40.3917241735672,30,0.0,Low,3.0
1014,3129,51.554664970800204,18,0.0,Low,3.0
1015,3130,73.5575900790565,22,0.0,Medium,2.0
1021,3159,60.79052161878396,11,0.0,Low,3.0
1025,3169,71.92003128903154,73,1.0,Low,3.0
1026,3170,75.22824195282648,80,1.0,Medium,2.0
1027,3171,79.70630644041209,39,1.0,Medium,2.0
1028,3174,92.93918815458463,77,0.0,High,1.0
1030,3186,41.13107219726781,21,0.0,Low,3.0
1031,3188,31.972835526767575,38,1.0,Low,3.0
1033,3194,57.20427995664459,11,0.0,Low,3.0
1039,3224,108.88153809780025,75,1.0,High,1.0
1040,3228,69.33641224603879,95,1.0,Low,3.0
1041,3229,69.64212183761322,12,1.0,Low,3.0
1042,3230,88.0605622143677,19,1.0,Medium,2.0
1043,3231,72.89201109280887,39,1.0,Low,3.0
1044,3232,61.291236430549176,40,1.0,Low,3.0
1045,3233,80.0056564425616,32,1.0,Medium,2.0
1051,3263,38.66021911139438,69,0.0,Low,3.0
1056,3289,121.4934237539912,29,1.0,High,1.0
1057,3290,63.880740946607226,31,1.0,Low,3.0
1058,3291,101.84726389446013,29,1.0,High,1.0
1059,3292,89.12513606656913,38,1.0,Medium,2.0
1060,3293,73.26491212224782,23,1.0,Medium,2.0
1061,3294,85.91107702183612,41,1.0,Medium,2.0
1062,3298,58.18762453221469,18,0.0,Low,3.0
1071,3311,62.64275970716544,11,0.0,Low,3.0
1077,3337,65.40970657711912,31,0.0,Low,3.0
1080,3342,79.35861617247836,58,1.0,Medium,2.0
1081,3345,88.76716814087717,113,1.0,Medium,2.0
1082,3352,92.35801821927595,19,1.0,Medium,2.0
1096,3375,84.84185029989531,19,0.0,Medium,2.0
1099,3392,73.8036810195146,19,0.0,Medium,2.0
1104,3409,62.45918689716201,14,1.0,Low,3.0
1105,3411,65.48622329428545,46,1.0,Low,3.0
1116,3427,40.46461905252547,19,0.0,Low,3.0
1120,3444,114.29435232431146,16,1.0,High,1.0
1122,3458,107.8071427751673,16,1.0,High,1.0
1128,3480,102.8408551771025,26,1.0,High,1.0
1130,3486,98.7538116802707,11,0.0,High,1.0
1132,3492,65.53663824291199,22,1.0,Low,3.0
1139,3529,99.53043363921378,76,1.0,High,1.0
1140,3535,113.21755195596069,86,1.0,High,1.0
1162,3585,60.00042197410089,42,1.0,Low,3.0
1163,3586,42.07641888576524,29,1.0,Low,3.0
1164,3587,66.67999661602188,54,1.0,Low,3.0
1165,3589,68.11616310333447,224,1.0,Low,3.0
1167,3591,72.94649047809344,15,1.0,Low,3.0
1173,3611,116.51617606142071,16,1.0,High,1.0
1175,3615,107.69403222263645,33,1.0,High,1.0
1177,3623,75.03949521965218,35,1.0,Medium,2.0
1178,3628,72.96767463400379,40,0.0,Low,3.0
1184,3660,53.8926702563536,281,0.29537366548042704,Low,3.0
1189,3673,58.00529374574182,78,0.0,Low,3.0
1191,3681,45.892281834552286,12,0.0,Low,3.0
1192,3682,72.26980844193568,43,1.0,Low,3.0
1193,3683,63.99704622929334,39,1.0,Low,3.0
1194,3684,64.2936471757834,24,1.0,Low,3.0
1195,3685,61.4908324832473,66,1.0,Low,3.0
1196,3686,49.40781692983416,31,1.0,Low,3.0
1199,3690,36.65472580989141,11,1.0,Low,3.0
1203,3701,122.5146180666704,31,1.0,High,1.0
1204,3702,119.55957119014924,153,1.0,High,1.0
1205,3703,73.2906471254226,52,1.0,Medium,2.0
1206,3704,71.15587701810982,50,0.0,Low,3.0
1207,3705,74.11817946545032,29,0.9310344827586207,Medium,2.0
1211,3715,98.80574637272201,12,0.0,High,1.0
1213,3721,90.74009156438161,32,1.0,Medium,2.0
1215,3723,83.93625333893227,16,1.0,Medium,2.0
1217,3725,90.0339810533744,39,1.0,Medium,2.0
1220,3752,69.0748655875117,27,0.0,Low,3.0
1232,3806,49.039298262791185,11,0.0,Low,3.0
1233,3807,51.59241497055711,13,0.0,Low,3.0
1242,3857,71.24523391519644,16,1.0,Low,3.0
1244,3861,47.835330585211565,51,0.0,Low,3.0
1255,3888,88.35440931243996,44,0.0,Medium,2.0
1259,3927,94.43839123972212,11,1.0,High,1.0
1261,3929,54.54614081301307,26,1.0,Low,3.0
1263,3934,43.09557664898193,17,0.0,Low,3.0
1271,3945,46.88905571486933,11,0.0,Low,3.0
1274,3951,53.214458869686894,21,0.0,Low,3.0
1279,3959,101.99342206867178,13,0.0,High,1.0
1283,3985,93.24062028880945,30,0.0,High,1.0
1284,3990,40.01664177238543,45,1.0,Low,3.0
1286,3994,86.25214086412534,25,1.0,Medium,2.0
1290,4000,50.602881319555955,61,0.0,Low,3.0
1291,4002,50.30578117072676,88,0.0,Low,3.0
1297,4010,61.53546707528259,12,0.0,Low,3.0
1304,4020,87.2930691091451,38,0.7368421052631579,Medium,2.0
1311,4043,81.80456578766214,13,0.0,Medium,2.0
1313,4048,102.62058443513273,26,1.0,High,1.0
1314,4050,71.24174402188518,42,1.0,Low,3.0
1318,4075,74.86321157352654,35,0.0,Medium,2.0
1324,4102,102.38040226782918,11,0.0,High,1.0
1325,4105,87.53030112549881,22,0.0,Medium,2.0
1326,4106,61.80997688937833,14,0.0,Low,3.0
1327,4107,63.58663360828887,16,0.0,Low,3.0
1328,4109,88.20850059212351,21,0.0,Medium,2.0
1330,4112,77.72061475285446,15,0.0,Medium,2.0
1336,4121,55.28000308699799,16,0.0,Low,3.0
1340,4129,45.8617219409104,19,0.0,Low,3.0
1341,4130,40.56818086077366,22,0.0,Low,3.0
1343,4134,44.38783506480776,30,0.03333333333333333,Low,3.0
1346,4138,61.41233694350684,30,0.0,Low,3.0
1347,4140,30.87944409299768,47,1.0,Low,3.0
1351,4144,59.39583832093734,11,0.0,Low,3.0
1358,4156,116.08659545845278,21,1.0,High,1.0
1359,4157,59.603775321716896,56,1.0,Low,3.0
1360,4158,64.99447890290634,15,0.6,Low,3.0
1364,4173,86.24667571733931,18,0.0,Medium,2.0
1367,4188,61.047723445838116,11,0.0,Low,3.0
1368,4189,51.923039647418484,24,0.0,Low,3.0
1370,4205,24.673749055016636,13,1.0,Low,3.0
1371,4206,25.97788633482865,14,1.0,Low,3.0
1378,4214,33.87618124839449,18,0.0,Low,3.0
1380,4216,72.88622558487711,301,0.5116279069767442,Low,3.0
1381,4217,73.50508528901732,29,0.8275862068965517,Medium,2.0
1382,4218,74.51280980999043,24,0.0,Medium,2.0
1383,4219,80.53532425226699,28,0.0,Medium,2.0
1384,4220,93.44685128407374,146,1.0,High,1.0
1386,4224,115.72449741736375,40,1.0,High,1.0
1389,4230,92.97772138829136,19,0.0,High,1.0
1393,4237,83.56881462752577,23,1.0,Medium,2.0
1394,4238,71.2957937949975,118,1.0,Low,3.0
1395,4239,92.15772127360792,19,1.0,Medium,2.0
1397,4242,84.67532128127911,13,1.0,Medium,2.0
1399,4255,67.48525075029485,14,0.0,Low,3.0
1400,4256,47.30458888217507,11,0.0,Low,3.0
1413,4292,80.61180495516817,20,0.0,Medium,2.0
1414,4293,74.09503656851352,30,0.0,Medium,2.0
1415,4296,52.35194447923346,39,0.0,Low,3.0
1416,4297,49.55654091099204,13,0.0,Low,3.0
1417,4306,73.98200335046815,86,1.0,Medium,2.0
1418,4307,129.11294492344373,14,1.0,High,1.0
1419,4308,73.27339611166995,105,1.0,Medium,2.0
1420,4309,85.9130003387676,45,1.0,Medium,2.0
1438,4336,96.55144207550246,11,0.0,High,1.0
1443,4355,80.87573870851051,14,0.0,Medium,2.0
1446,4362,62.22078690429198,76,1.0,Low,3.0
1466,4410,38.11307671578451,14,0.0,Low,3.0
1467,4413,50.50081417650695,17,0.0,Low,3.0
1469,4416,98.42477512845348,55,0.0,High,1.0
1472,4427,83.81145942268444,23,0.0,Medium,2.0
1482,4470,68.34222483865646,51,0.0,Low,3.0
1483,4471,64.67350875541138,77,0.0,Low,3.0
1484,4475,47.60363858560453,28,0.0,Low,3.0
1486,4479,58.25673473710813,43,0.0,Low,3.0
1488,4485,114.717525618985,156,1.0,High,1.0
1489,4491,87.62140266294793,26,0.0,Medium,2.0
1491,4502,38.13780308356251,14,0.0,Low,3.0
1494,4507,54.813743177313874,14,0.0,Low,3.0
1496,4519,50.25264940112363,51,0.0,Low,3.0
1506,4552,90.92897471210752,45,0.0,Medium,2.0
1507,4556,75.44550028163924,13,1.0,Medium,2.0
1508,4557,85.11401594313276,42,1.0,Medium,2.0
1510,4561,65.11472922563635,298,1.0,Low,3.0
1521,4585,48.34204782768807,11,0.0,Low,3.0
1530,4617,33.71659617755086,13,1.0,Low,3.0
1531,4618,37.73587716939135,22,1.0,Low,3.0
1533,4620,37.106555152204926,11,1.0,Low,3.0
1535,4622,33.3444130711333,20,1.0,Low,3.0
1536,4623,34.29335923374396,13,1.0,Low,3.0
1538,4625,34.163828189142606,74,0.0,Low,3.0
1542,4641,96.92737740010688,19,0.15789473684210525,High,1.0
1543,4648,111.80630788486407,13,0.0,High,1.0
1553,4669,27.316388327472428,11,0.0,Low,3.0
1559,4682,77.28740639833481,30,0.0,Medium,2.0
1560,4684,44.62899032631387,114,0.6578947368421053,Low,3.0
1561,4685,78.04568019331376,45,1.0,Medium,2.0
1565,4698,57.44190466803675,11,0.0,Low,3.0
1567,4709,33.25362889177081,14,1.0,Low,3.0
1568,4710,30.409690920304076,12,1.0,Low,3.0
1573,4743,82.21894576388164,22,1.0,Medium,2.0
1575,4757,61.642723670388165,36,1.0,Low,3.0
1598,4801,68.8306998650456,13,0.0,Low,3.0
1599,4802,64.87838127510065,25,0.0,Low,3.0
1600,4805,65.97009409107933,69,0.0,Low,3.0
1601,4806,81.10397115565323,151,0.0,Medium,2.0
1608,4825,78.115745599447,21,1.0,Medium,2.0
1610,4827,48.282469716799795,11,0.0,Low,3.0
1616,4853,84.66254355224453,11,0.0,Medium,2.0
1622,4871,80.48199481522003,15,0.0,Medium,2.0
1623,4872,87.59808596145353,46,0.0,Medium,2.0
1624,4873,70.97177434827745,15,0.0,Low,3.0
1626,4891,89.85132320418981,41,1.0,Medium,2.0
1629,4897,81.88626604687093,19,0.0,Medium,2.0
1632,4902,59.04363743812143,31,0.0,Low,3.0
1636,4936,138.42927891782244,23,1.0,High,1.0
1637,4938,104.16747177889835,217,1.0,High,1.0
1641,4953,69.61514429844061,34,1.0,Low,3.0
1642,4954,63.67317713531739,31,1.0,Low,3.0
1643,4955,63.67758391883067,33,1.0,Low,3.0
1644,4956,65.29958378063796,11,1.0,Low,3.0
1645,4957,61.90279723601412,46,1.0,Low,3.0
1646,4958,65.56083851975826,56,1.0,Low,3.0
1647,4959,62.414612750408224,57,1.0,Low,3.0
1648,4960,59.76415666783023,53,1.0,Low,3.0
1650,4962,45.90259710031735,16,1.0,Low,3.0
1651,4963,43.57634318614141,12,1.0,Low,3.0
1652,4964,58.35990220315828,22,1.0,Low,3.0
1653,4972,65.08880464841583,36,0.0,Low,3.0
1665,5018,71.15606521640466,12,0.0,Low,3.0
1666,5022,54.206084290758305,15,0.0,Low,3.0
1671,5030,75.71562297890674,18,0.0,Medium,2.0
1673,5032,48.84067719744049,37,0.0,Low,3.0
1675,5034,53.8669045885327,13,0.0,Low,3.0
1681,5058,88.47546346875457,11,0.0,Medium,2.0
1682,5064,93.93258899585635,15,0.0,High,1.0
1683,5065,88.937884140758,23,0.0,Medium,2.0
1686,5073,73.71109956605369,177,1.0,Medium,2.0
1687,5074,80.62352980555012,38,1.0,Medium,2.0
1706,5114,39.97215690451066,13,0.0,Low,3.0
1710,5135,72.02580763051937,12,0.0,Low,3.0
1712,5157,37.54815979072658,18,0.0,Low,3.0
1720,5165,67.32655775169208,190,0.0,Low,3.0
1722,5167,52.38398877258081,11,0.0,Low,3.0
1724,5170,47.05588817940555,23,0.0,Low,3.0
1727,5174,89.69084212888127,90,0.0,Medium,2.0
1729,5178,70.89476617119948,18,0.0,Low,3.0
1734,5190,33.86115096118369,19,0.0,Low,3.0
1735,5193,32.57049928171897,14,0.0,Low,3.0
1738,5199,82.64415797507819,11,1.0,Medium,2.0
1739,5207,51.803902400830125,35,0.0,Low,3.0
1740,5219,36.46531510301978,24,1.0,Low,3.0
1741,5220,78.4440804335177,13,1.0,Medium,2.0
1743,5223,56.840178101678,11,1.0,Low,3.0
1744,5226,52.32744454510178,97,0.0,Low,3.0
1747,5231,41.4980468262326,13,1.0,Low,3.0
1750,5247,81.02802773980703,62,1.0,Medium,2.0
1751,5250,109.008693679492,15,1.0,High,1.0
1755,5257,60.55037113042494,57,1.0,Low,3.0
1756,5259,63.699226214617205,134,1.0,Low,3.0
1764,5273,48.74872981612081,12,0.0,Low,3.0
1765,5274,45.4109796763611,23,0.0,Low,3.0
1766,5275,49.890116811426005,17,0.0,Low,3.0
1770,5309,71.81978750459773,26,1.0,Low,3.0
1772,5332,48.823303255812725,26,0.0,Low,3.0
1773,5334,46.62893984360403,13,0.0,Low,3.0
1781,5349,52.6500291306429,11,0.0,Low,3.0
1782,5352,44.17641342011898,12,0.0,Low,3.0
1784,5363,82.89479187387079,37,0.0,Medium,2.0
1786,5377,92.45035755205434,26,0.0,Medium,2.0
1791,5398,43.989558171446895,12,0.0,Low,3.0
1792,5400,51.818678218370586,11,0.0,Low,3.0
1793,5403,67.97790304642578,26,1.0,Low,3.0
1794,5404,65.12168319962315,61,1.0,Low,3.0
1795,5405,46.35437102669955,18,1.0,Low,3.0
1796,5406,62.604761464485016,21,1.0,Low,3.0
1797,5407,59.153521363105064,17,1.0,Low,3.0
1798,5408,45.525273028485756,13,1.0,Low,3.0
1799,5409,51.15944721781985,15,1.0,Low,3.0
1800,5411,45.74274562519863,12,0.0,Low,3.0
1801,5412,41.288749450460564,12,0.0,Low,3.0
1803,5414,63.802279848461104,19,0.0,Low,3.0
1804,5415,65.93877639512351,34,0.0,Low,3.0
1807,5418,45.65564038988001,19,0.0,Low,3.0
1808,5419,65.1977913711523,49,0.0,Low,3.0
1810,5432,86.59569576521064,15,0.0,Medium,2.0
1823,5468,40.106905303231024,12,0.0,Low,3.0
1825,5470,31.04466294245051,11,1.0,Low,3.0
1829,5477,38.7194098020633,23,0.0,Low,3.0
1838,5494,39.85366815007936,13,0.0,Low,3.0
1839,5496,32.3026781867393,28,0.0,Low,3.0
1840,5497,38.770292083459175,11,0.0,Low,3.0
1845,5510,81.32231091403462,73,0.0,Medium,2.0
1848,5527,46.26859489180173,12,0.0,Low,3.0
1849,5530,70.47259608763927,38,1.0,Low,3.0
1850,5531,63.38988009934825,25,1.0,Low,3.0
1852,5533,61.76262778936083,63,1.0,Low,3.0
1853,5534,63.234833905886774,55,1.0,Low,3.0
1854,5535,60.38882426657939,62,1.0,Low,3.0
1855,5536,61.51245482964792,61,1.0,Low,3.0
1856,5537,60.08875422027713,60,1.0,Low,3.0
1857,5538,61.29049907738674,19,1.0,Low,3.0
1858,5539,43.59334731179185,24,1.0,Low,3.0
1861,5542,43.96648166196924,15,1.0,Low,3.0
1864,5564,67.10989059689565,62,0.0,Low,3.0
1865,5565,74.88561211173909,79,0.0,Medium,2.0
1868,5585,93.99812884417952,23,1.0,High,1.0
1872,5600,50.80128001073426,11,0.0,Low,3.0
1883,5641,113.4880424014524,61,1.0,High,1.0
1884,5645,113.46581873492094,18,1.0,High,1.0
1885,5654,101.58818823192337,11,1.0,High,1.0
1886,5656,104.44217743248419,25,1.0,High,1.0
1888,5659,60.901687051530516,15,0.0,Low,3.0
1889,5660,35.110924462905764,100,0.0,Low,3.0
1892,5667,67.98072786695464,12,0.0,Low,3.0
1893,5668,72.3347707149348,19,0.0,Low,3.0
1894,5669,63.634805276839664,12,0.0,Low,3.0
1895,5670,71.71704753446132,13,0.0,Low,3.0
1898,5673,74.83404639126006,11,0.0,Medium,2.0
1899,5675,69.38168336373306,22,0.0,Low,3.0
1900,5676,65.78144912976725,132,0.0,Low,3.0
1902,5686,81.66337500932855,20,0.0,Medium,2.0
1903,5687,59.68883160363028,39,1.0,Low,3.0
1904,5688,71.67553335414071,16,1.0,Low,3.0
1905,5689,69.42280695009396,36,1.0,Low,3.0
1906,5690,71.79210683712458,22,1.0,Low,3.0
1907,5691,57.373998053510014,27,1.0,Low,3.0
1910,5694,61.45971109227357,14,1.0,Low,3.0
1911,5695,61.0647668251543,35,1.0,Low,3.0
1912,5696,83.83133434539155,20,1.0,Medium,2.0
1914,5698,71.97344907742996,140,1.0,Low,3.0
1919,5717,27.19738246067253,12,0.0,Low,3.0
1922,5722,38.55539576233462,12,0.0,Low,3.0
1929,5735,112.37508383412376,36,1.0,High,1.0
1932,5747,96.71901100963235,17,1.0,High,1.0
1933,5749,82.0853802869012,117,1.0,Medium,2.0
1941,5803,140.32914589619944,56,0.9464285714285714,High,1.0
1946,5817,94.20469585720502,22,0.0,High,1.0
1950,5822,63.152534809662,34,1.0,Low,3.0
1952,5827,62.77462421044851,17,1.0,Low,3.0
1957,5841,62.279155405383165,38,1.0,Low,3.0
1958,5842,66.05984615658916,52,1.0,Low,3.0
1959,5843,44.99004510149104,11,0.0,Low,3.0
1960,5847,49.61227372741178,19,0.0,Low,3.0
1966,5864,31.63485101700016,20,0.0,Low,3.0
1967,5865,65.88926740155104,32,0.0,Low,3.0
1969,5877,88.92437385397434,18,0.0,Medium,2.0
1973,5888,37.9559565213223,22,0.0,Low,3.0
1975,5891,68.72683303825141,13,0.0,Low,3.0
1977,5899,45.99512355272862,18,1.0,Low,3.0
1980,5915,22.636398119603854,11,0.0,Low,3.0
1982,5917,37.727480145767736,12,0.0,Low,3.0
1983,5918,69.41447908566678,74,0.0,Low,3.0
1990,5953,55.33170504134069,18,0.0,Low,3.0
1991,5955,65.76580705959225,25,0.0,Low,3.0
1993,5962,67.7553536600178,15,0.0,Low,3.0
1997,5972,53.44689328432408,25,1.0,Low,3.0
1998,5973,62.47263393496302,42,1.0,Low,3.0
1999,5974,52.33482636577181,36,0.0,Low,3.0
2000,5983,77.40331930733964,26,0.0,Medium,2.0
2002,5987,41.797570231892315,38,0.0,Low,3.0
2005,5991,50.977760267638125,22,0.0,Low,3.0
2011,6001,59.5529864643585,11,0.0,Low,3.0
2012,6003,72.28044377529791,100,1.0,Low,3.0
2013,6010,73.16962227317539,16,0.0,Medium,2.0
2018,6025,48.23701422748595,12,1.0,Low,3.0
2019,6026,48.25006860346807,22,1.0,Low,3.0
2020,6027,60.04341763113552,17,1.0,Low,3.0
2024,6032,72.16644550085961,23,1.0,Low,3.0
2025,6033,74.07659835910566,30,1.0,Medium,2.0
2026,6034,71.83687022749542,33,1.0,Low,3.0
2030,6052,69.92162151208193,35,0.0,Low,3.0
2032,6070,71.71652054596493,33,0.0,Low,3.0
2033,6071,69.66711572562383,25,0.0,Low,3.0
2034,6074,119.33283356409419,18,0.0,High,1.0
2035,6076,73.68473212469196,130,1.0,Medium,2.0
2039,6082,62.025865336860456,41,1.0,Low,3.0
2042,6087,45.35457893671006,13,0.0,Low,3.0
2045,6103,43.272362831924255,17,0.0,Low,3.0
2048,6126,64.59003706160928,22,0.0,Low,3.0
2049,6128,63.703855139801924,19,0.0,Low,3.0
2052,6139,59.331845269980334,27,0.0,Low,3.0
2055,6145,99.76427041945053,21,0.0,High,1.0
2061,6160,111.8952348375169,108,1.0,High,1.0
2065,6171,87.9612960292032,21,0.0,Medium,2.0
2070,6187,65.44054114277246,19,1.0,Low,3.0
2071,6188,81.26436168726175,18,1.0,Medium,2.0
2072,6189,63.47008531388076,80,1.0,Low,3.0
2073,6190,87.75375527790632,41,1.0,Medium,2.0
2074,6191,88.8296962446155,35,1.0,Medium,2.0
2077,6208,60.173133002795915,42,0.0,Low,3.0
2078,6209,37.20831341847155,12,1.0,Low,3.0
2079,6210,33.72159000544561,20,1.0,Low,3.0
2084,6217,94.78904140468025,11,1.0,High,1.0
2085,6222,48.22545156770681,17,1.0,Low,3.0
2086,6223,128.48451894034062,40,1.0,High,1.0
2087,6224,140.04082961335317,14,1.0,High,1.0
2089,6232,75.12082694217855,19,1.0,Medium,2.0
2090,6233,115.46757245446815,23,1.0,High,1.0
2091,6234,56.329869490948674,12,0.0,Low,3.0
2093,6237,46.44754098445029,11,0.0,Low,3.0
2094,6238,52.80865735136292,66,0.0,Low,3.0
2098,6243,36.00556066143379,11,0.0,Low,3.0
2099,6248,41.370378841072615,31,0.0,Low,3.0
2109,6266,44.23713601649723,20,0.0,Low,3.0
2110,6269,52.43028367438061,16,0.0,Low,3.0
2112,6274,49.52494752440962,18,0.0,Low,3.0
2115,6305,66.28479186901036,59,1.0,Low,3.0
2116,6306,56.093812857864265,38,1.0,Low,3.0
2120,6310,42.86763094738267,11,1.0,Low,3.0
2121,6311,46.52816137997606,19,1.0,Low,3.0
2122,6312,45.884087589141714,11,1.0,Low,3.0
2123,6313,59.0317104249432,19,1.0,Low,3.0
2124,6314,59.41483869160761,22,1.0,Low,3.0
2126,6316,70.01062496942926,37,1.0,Low,3.0
2128,6327,48.63614062317073,45,0.0,Low,3.0
2129,6328,52.976371304183694,61,0.0,Low,3.0
2130,6329,49.24319879784405,44,0.0,Low,3.0
2137,6364,36.81721838606044,62,0.0,Low,3.0
2139,6367,37.34427859821674,13,0.0,Low,3.0
2140,6368,32.94667660314261,26,0.0,Low,3.0
2141,6369,33.991475899082765,25,0.0,Low,3.0
2147,6386,43.3020883905429,45,0.0,Low,3.0
2162,6415,94.80695403876828,27,0.0,High,1.0
2166,6422,56.42398117880898,15,0.0,Low,3.0
2172,6431,61.24546270253383,63,1.0,Low,3.0
2176,6435,54.13342617863395,11,0.0,Low,3.0
2177,6436,72.43514427547545,11,0.0,Low,3.0
2178,6437,60.1612741960474,25,0.0,Low,3.0
2180,6440,29.80335352301094,21,0.0,Low,3.0
2181,6441,72.15745690103027,16,0.0,Low,3.0
2182,6442,107.10662079917924,16,0.0,High,1.0
2186,6454,71.35983979086357,24,1.0,Low,3.0
2191,6465,77.61347568153305,17,0.0,Medium,2.0
2192,6466,75.50195616463323,12,0.0,Medium,2.0
2197,6475,72.33992720185769,33,0.06060606060606061,Low,3.0
2198,6476,74.31243830985056,212,0.0,Medium,2.0
2199,6477,52.54106826335605,60,0.0,Low,3.0
2201,6481,81.10633897877476,121,0.2809917355371901,Medium,2.0
2203,6489,60.79621365525774,90,0.0,Low,3.0
2204,6490,55.72115223118528,39,0.0,Low,3.0
2205,6492,97.53186782690099,19,0.0,High,1.0
2206,6493,52.23697154440016,13,0.0,Low,3.0
2207,6502,44.98266208683381,67,0.0,Low,3.0
2211,6507,33.97034998250908,27,0.0,Low,3.0
2213,6509,24.497814397412593,36,0.0,Low,3.0
2219,6523,44.240615348133986,23,0.0,Low,3.0
2220,6524,40.08502596297257,22,0.0,Low,3.0
2225,6541,90.19771727165379,23,0.0,Medium,2.0
2226,6544,95.59856289289657,22,1.0,High,1.0
2228,6550,49.87637482117954,18,0.0,Low,3.0
2244,6599,98.68640619348872,21,1.0,High,1.0
2246,6604,81.76880042541137,45,0.0,Medium,2.0
2248,6607,112.8031672752175,43,1.0,High,1.0
2249,6619,90.76666223612622,15,1.0,Medium,2.0
2251,6624,89.41181659224755,24,1.0,Medium,2.0
2252,6625,59.29051967280938,29,1.0,Low,3.0
2260,6646,53.431291570761616,15,1.0,Low,3.0
2261,6650,35.66751835729668,62,1.0,Low,3.0
2262,6651,37.1985282110809,12,1.0,Low,3.0
2263,6652,46.5824539574879,30,1.0,Low,3.0
2266,6655,61.413517259369314,104,1.0,Low,3.0
2268,6660,87.8924259330072,61,0.47540983606557374,Medium,2.0
2273,6679,67.01569835833388,12,0.0,Low,3.0
2274,6682,67.23111326948396,30,1.0,Low,3.0
2275,6683,63.6081609068923,34,1.0,Low,3.0
2276,6684,65.34306853072636,24,1.0,Low,3.0
2277,6685,66.40541736930429,62,1.0,Low,3.0
2278,6686,59.92060132384647,49,1.0,Low,3.0
2279,6687,57.8336271281013,37,1.0,Low,3.0
2280,6688,58.61719755717815,62,1.0,Low,3.0
2281,6689,64.06628853030814,51,1.0,Low,3.0
2282,6690,58.94220704224604,58,1.0,Low,3.0
2283,6691,52.355839453593845,41,1.0,Low,3.0
2285,6693,44.514932794332424,17,1.0,Low,3.0
2290,6698,52.95605501629456,58,0.0,Low,3.0
2292,6700,72.64069081199224,38,0.0,Low,3.0
2294,6703,44.93208333459892,26,0.0,Low,3.0
2295,6710,58.929257262193325,11,0.0,Low,3.0
2302,6723,28.090698810681904,58,0.0,Low,3.0
2304,6726,53.16285545872708,22,0.0,Low,3.0
2308,6732,55.89432214755806,68,0.0,Low,3.0
2309,6733,83.42186288388166,16,0.0,Medium,2.0
2315,6760,34.21215385069792,279,0.0,Low,3.0
2316,6761,36.39013243836255,217,0.0,Low,3.0
2319,6764,25.195377979229303,15,1.0,Low,3.0
2324,6772,71.90823492394995,14,0.0,Low,3.0
2325,6773,96.203546168506,41,0.0,High,1.0
2326,6776,61.102717087099,13,0.0,Low,3.0
2331,6793,70.02389971410713,11,0.0,Low,3.0
2334,6802,89.13734174413743,12,0.0,Medium,2.0
2337,6812,56.45126496823603,27,0.0,Low,3.0
2338,6813,70.44765199044178,15,0.0,Low,3.0
2342,6832,66.9483109154099,47,1.0,Low,3.0
2343,6833,61.93818540783585,40,1.0,Low,3.0
2344,6834,61.998149404970476,52,1.0,Low,3.0
2346,6839,64.68885087709013,47,0.0,Low,3.0
2350,6845,64.07492630649834,19,0.0,Low,3.0
2358,6859,48.34252471461864,12,0.0,Low,3.0
2359,6860,33.701517723860796,14,0.0,Low,3.0
2360,6861,30.131656288583876,20,0.0,Low,3.0
2361,6862,38.81670733743767,17,0.0,Low,3.0
2362,6863,32.24535675239863,22,0.0,Low,3.0
2363,6864,67.18211442295603,138,0.0,Low,3.0
2365,6868,120.95039057558841,16,1.0,High,1.0
2369,6880,65.17965285253312,28,0.0,Low,3.0
2370,6884,62.8025982098072,18,0.0,Low,3.0
2373,6889,53.525872659148085,36,1.0,Low,3.0
2380,6906,56.509987260396585,119,0.1092436974789916,Low,3.0
2383,6914,106.97026055302604,71,1.0,High,1.0
2384,6916,45.76210107596184,18,0.0,Low,3.0
2387,6928,42.65604507028186,21,0.0,Low,3.0
2389,6932,75.31408996269853,25,0.96,Medium,2.0
2394,6945,79.76871849141804,11,0.0,Medium,2.0
2396,6950,56.31353552948332,16,0.0,Low,3.0
2397,6951,48.056882049497794,21,0.0,Low,3.0
2405,6966,31.052317682635543,15,1.0,Low,3.0
2406,6969,64.84326823875168,16,0.0,Low,3.0
2407,6972,60.49260660708055,31,0.0,Low,3.0
2408,6973,57.87124357447847,13,0.0,Low,3.0
2417,7020,74.09239318959382,40,1.0,Medium,2.0
2418,7021,68.17140899285909,41,1.0,Low,3.0
2419,7022,64.72355925094149,36,1.0,Low,3.0
2420,7023,63.17184983200401,44,1.0,Low,3.0
2421,7024,60.94080436153101,46,1.0,Low,3.0
2422,7025,59.826766426788545,55,1.0,Low,3.0
2423,7026,61.62353795156242,33,1.0,Low,3.0
2424,7027,46.61032392345612,28,1.0,Low,3.0
2427,7036,42.55976213567967,14,0.0,Low,3.0
2431,7044,54.48132001345456,12,0.0,Low,3.0
2445,7070,111.69516883603139,51,1.0,High,1.0
2446,7072,101.64078735374673,32,1.0,High,1.0
2447,7078,65.02052726762287,11,0.5454545454545454,Low,3.0
2449,7088,78.51883067123774,20,1.0,Medium,2.0
2450,7090,120.44126051527132,16,1.0,High,1.0
2452,7092,70.58574442459168,60,1.0,Low,3.0
2453,7093,80.24156950221511,28,0.6785714285714286,Medium,2.0
2459,7118,88.14140934114934,38,1.0,Medium,2.0
2460,7119,24.096166628289385,25,1.0,Low,3.0
2463,7126,100.57474438262896,13,0.0,High,1.0
2465,7130,33.09382280859342,32,0.0,Low,3.0
2467,7147,43.066061252710576,12,1.0,Low,3.0
2469,7149,34.59519341779424,49,1.0,Low,3.0
2473,7164,54.7128608087485,39,0.0,Low,3.0
2474,7165,59.72087479513938,14,0.0,Low,3.0
2476,7169,99.906112077803,84,0.0,High,1.0
2477,7172,97.14520286758949,16,0.0,High,1.0
2483,7178,39.25989710660976,31,0.0,Low,3.0
2484,7180,49.84770815830082,11,0.0,Low,3.0
2485,7181,38.448773577083266,11,0.0,Low,3.0
2486,7182,31.544561872747938,27,0.0,Low,3.0
2487,7183,43.42778679737533,20,0.0,Low,3.0
2493,7201,105.54130161661209,31,1.0,High,1.0
2494,7204,68.05318302258168,94,0.9148936170212766,Low,3.0
2499,7222,41.41637532086405,36,1.0,Low,3.0
2501,7237,77.2511564664816,17,0.0,Medium,2.0
2503,7243,116.901923974326,35,1.0,High,1.0
2519,7269,81.40858003584759,43,0.0,Medium,2.0
2520,7272,72.95058549496548,152,0.0,Low,3.0
2523,7284,54.4975382886598,12,0.0,Low,3.0
2528,7296,55.215631137082646,64,0.0,Low,3.0
2529,7298,41.386492785973594,12,0.0,Low,3.0
2532,7301,34.594106977500644,17,1.0,Low,3.0
2536,7308,86.01800206605843,57,1.0,Medium,2.0
2538,7310,58.64372823199325,34,0.29411764705882354,Low,3.0
2539,7311,61.585652209117924,29,1.0,Low,3.0
2541,7313,73.62281375258424,31,0.3548387096774194,Medium,2.0
2542,7314,90.85357079668525,163,0.018404907975460124,Medium,2.0
2543,7315,93.60644065552916,57,0.8771929824561403,High,1.0
2544,7318,104.3171326590189,14,1.0,High,1.0
2545,7320,124.57718496658974,16,1.0,High,1.0
2548,7323,66.28318481216748,22,0.0,Low,3.0
2549,7324,39.266296668528675,78,0.0,Low,3.0
2551,7326,78.6256999657409,11,0.0,Medium,2.0
2558,7337,54.36124976128608,69,0.0,Low,3.0
2563,7350,46.78756643196811,14,0.0,Low,3.0
2565,7370,47.20061177652473,52,1.0,Low,3.0
2568,7374,37.2721796258508,14,1.0,Low,3.0
2569,7375,31.725700512770228,13,1.0,Low,3.0
2570,7376,35.24285103053036,36,1.0,Low,3.0
2575,7382,133.31815455463524,17,1.0,High,1.0
2576,7385,53.75445358533158,18,1.0,Low,3.0
2577,7394,106.39000664086325,24,0.041666666666666664,High,1.0
2581,7415,48.572773732864434,14,0.0,Low,3.0
2584,7455,94.08231954951367,13,1.0,High,1.0
2586,7457,51.46241752684063,63,0.0,Low,3.0
2590,7469,59.85721251797396,40,0.0,Low,3.0
2594,7481,65.32412366780922,140,0.0,Low,3.0
2595,7485,82.95288992790988,33,0.0,Medium,2.0
2596,7487,69.17016632103694,36,0.0,Low,3.0
2598,7490,51.962430434949376,14,0.0,Low,3.0
2604,7506,36.49857760769712,13,0.0,Low,3.0
2606,7508,35.52666911036849,11,0.0,Low,3.0
2609,7512,70.58340652497044,96,0.0,Low,3.0
2613,7516,40.67379813037135,72,0.0,Low,3.0
2615,7518,43.97974138023907,55,0.0,Low,3.0
2616,7519,40.50306539160989,17,0.0,Low,3.0
2617,7520,40.073785510177125,21,0.0,Low,3.0
2618,7522,40.63998138047645,16,0.0,Low,3.0
2622,7535,30.872058936881235,20,0.0,Low,3.0
2623,7537,33.05820837155529,25,0.0,Low,3.0
2624,7538,40.741109564360755,22,0.0,Low,3.0
2630,7546,93.30744415830463,22,0.0,High,1.0
2633,7575,84.33291251996998,14,0.0,Medium,2.0
2638,7604,62.10633548286715,30,0.0,Low,3.0
2639,7605,76.2077812825977,69,0.0,Medium,2.0
2640,7606,88.36106916040549,13,0.0,Medium,2.0
2644,7616,34.70307719310311,14,0.0,Low,3.0
2652,7624,30.10303700372664,18,1.0,Low,3.0
2655,7639,59.043238635740174,30,0.0,Low,3.0
2658,7642,55.413232669675814,33,0.0,Low,3.0
2662,7646,55.42302501426565,21,0.0,Low,3.0
2667,7655,53.271870281244695,14,0.0,Low,3.0
2668,7657,69.2433754913356,157,0.9299363057324841,Low,3.0
2669,7661,47.5890801557973,36,0.0,Low,3.0
2671,7663,60.723443549361534,20,0.0,Low,3.0
2673,7665,83.29340124274037,31,0.0,Medium,2.0
2679,7682,55.08262887304576,27,1.0,Low,3.0
2680,7683,58.235409156918884,60,1.0,Low,3.0
2681,7684,62.01125142866724,37,1.0,Low,3.0
2682,7686,83.02694029634529,46,0.1956521739130435,Medium,2.0
2683,7687,81.5941766778518,19,0.0,Medium,2.0
2686,7690,72.47294298611465,15,0.0,Low,3.0
2687,7691,60.58173492456905,19,0.0,Low,3.0
2688,7692,75.48557243497095,25,1.0,Medium,2.0
2689,7693,75.8623339111623,16,0.0,Medium,2.0
2690,7694,71.72496486950538,28,1.0,Low,3.0
2691,7695,81.07712697748119,41,0.0,Medium,2.0
2692,7696,67.29739659666264,12,0.0,Low,3.0
2693,7697,114.9364332885241,13,1.0,High,1.0
2694,7699,109.36916401159358,49,1.0,High,1.0
2697,7702,32.99553125470614,30,0.0,Low,3.0
2698,7703,48.688699585794836,12,0.0,Low,3.0
2699,7704,29.007511230589074,28,0.0,Low,3.0
2700,7705,35.77785782367944,17,0.0,Low,3.0
2711,7722,77.42479351511427,47,0.0,Medium,2.0
2714,7727,61.71909883017177,32,0.0,Low,3.0
2715,7728,98.09734227610123,14,0.0,High,1.0
2716,7729,51.77360131604762,22,0.0,Low,3.0
2720,7748,50.181279115514855,47,0.0,Low,3.0
2724,7752,43.913880013771895,16,0.0,Low,3.0
2725,7753,43.33332743954361,11,0.0,Low,3.0
2728,7757,131.42411443240755,71,1.0,High,1.0
2729,7758,127.53972312725166,31,1.0,High,1.0
2730,7763,66.01726260491776,16,0.0,Low,3.0
2738,7778,88.05488619987544,18,0.0,Medium,2.0
2742,7785,44.37016970210276,28,0.0,Low,3.0
2743,7786,83.02825451073898,11,0.0,Medium,2.0
2744,7790,56.15566889670231,31,0.3870967741935484,Low,3.0
2745,7791,57.79537670637272,26,0.0,Low,3.0
2747,7794,80.03969113588957,33,0.24242424242424243,Medium,2.0
2751,7820,30.75140860016553,21,1.0,Low,3.0
2755,7832,59.66559672227294,12,0.0,Low,3.0
2759,7847,70.85434658896497,113,1.0,Low,3.0
2762,7882,63.040594727103795,18,0.0,Low,3.0
2765,7900,59.83308615267304,42,1.0,Low,3.0
2770,7908,38.49674579444878,36,0.0,Low,3.0
2771,7911,87.7448281549352,84,0.0,Medium,2.0
2773,7915,74.22513926546296,15,0.0,Medium,2.0
2782,7942,71.52725448270014,21,0.6666666666666666,Low,3.0
2784,7944,69.65123162980073,66,0.0,Low,3.0
2785,7945,88.47689005085226,55,0.0,Medium,2.0
2786,7946,87.62895617538392,57,0.0,Medium,2.0
2787,7947,64.80789519920046,33,0.0,Low,3.0
2791,7963,31.402511160765314,22,1.0,Low,3.0
2793,7965,31.632477428345304,22,1.0,Low,3.0
2794,7966,32.97814493669028,25,1.0,Low,3.0
2799,7989,54.29086324083632,17,0.0,Low,3.0
2806,7997,58.19836436868781,43,0.0,Low,3.0
2808,8000,70.84536364549214,13,0.0,Low,3.0
2813,8008,85.81166305927896,18,0.16666666666666666,Medium,2.0
2814,8010,91.53591396878011,75,0.28,Medium,2.0
2817,8014,80.16795795971468,36,0.2777777777777778,Medium,2.0
2818,8016,78.07375509583673,29,0.1724137931034483,Medium,2.0
2822,8041,69.55066412979082,13,0.0,Low,3.0
2826,8064,30.944879654464323,85,0.9647058823529412,Low,3.0
2827,8066,85.8083292070107,51,1.0,Medium,2.0
2828,8067,85.8719134893396,58,1.0,Medium,2.0
2830,8069,70.23253011028264,28,1.0,Low,3.0
2831,8070,55.40505878661484,109,0.0,Low,3.0
2832,8076,114.82012072057093,16,1.0,High,1.0
2833,8077,116.39441425272709,35,1.0,High,1.0
2834,8079,110.64795782984865,52,1.0,High,1.0
2835,8080,120.68537722007986,17,1.0,High,1.0
2836,8081,106.40009305628814,13,1.0,High,1.0
2837,8082,119.47921895881528,15,1.0,High,1.0
2838,8085,67.11809552401186,12,0.0,Low,3.0
2840,8087,72.0350620784155,255,0.0,Low,3.0
2847,8097,35.155175512270525,26,0.0,Low,3.0
2849,8099,65.524646204401,225,0.0,Low,3.0
2851,8101,103.05545968330368,13,0.0,High,1.0
2855,8129,41.45679078621995,32,1.0,Low,3.0
2857,8131,38.57419728390287,15,0.0,Low,3.0
2860,8135,41.50040598214029,21,0.0,Low,3.0
2864,8141,62.46607266009366,24,0.0,Low,3.0
2865,8142,60.661447992960554,24,0.0,Low,3.0
2866,8143,105.55428092179132,32,1.0,High,1.0
2867,8144,106.72052236301548,31,1.0,High,1.0
2868,8145,115.46916795904471,22,1.0,High,1.0
2869,8146,115.78724364171839,44,1.0,High,1.0
2870,8147,115.19444830736514,24,1.0,High,1.0
2871,8148,117.54376182980627,35,1.0,High,1.0
2873,8155,72.09602765439321,49,0.32653061224489793,Low,3.0
2874,8158,94.45740938001627,29,1.0,High,1.0
2875,8161,93.67386749705605,15,0.0,High,1.0
2877,8163,74.42795757558872,17,0.0,Medium,2.0
2879,8165,64.19048396996554,15,0.0,Low,3.0
2880,8166,96.42900595368032,21,0.0,High,1.0
2888,8176,48.55471801558658,46,0.0,Low,3.0
2891,8187,94.92389449500875,18,0.0,High,1.0
2895,8203,87.2544327593838,19,0.0,Medium,2.0
2897,8208,39.54471752587633,12,0.0,Low,3.0
2904,8221,111.77151019972086,161,1.0,High,1.0
2905,8223,131.4389748176865,32,1.0,High,1.0
2916,8247,78.54282947858911,48,0.7291666666666666,Medium,2.0
2918,8249,77.68646054649399,80,1.0,Medium,2.0
2922,8255,60.20070736405729,13,0.0,Low,3.0
2924,8272,56.14194318033084,98,1.0,Low,3.0
2925,8274,52.48708465584163,13,0.0,Low,3.0
2926,8275,45.20223118688391,13,0.0,Low,3.0
2929,8284,90.63971687008996,28,0.0,Medium,2.0
2930,8285,91.14936548652496,44,0.0,Medium,2.0
2932,8298,103.13495305417565,23,1.0,High,1.0
2933,8299,105.97146062439487,85,1.0,High,1.0
2934,8301,60.885682023399134,12,0.0,Low,3.0
2937,8308,75.11701553009438,18,0.0,Medium,2.0
2938,8310,47.107324891818784,12,1.0,Low,3.0
2940,8314,111.53074499685862,11,1.0,High,1.0
2941,8327,67.61555573553748,34,1.0,Low,3.0
2942,8328,68.94288964531208,23,1.0,Low,3.0
2943,8329,70.25626252871695,26,1.0,Low,3.0
2946,8346,39.930630621446745,15,0.0,Low,3.0
2947,8349,65.72124791311722,17,0.0,Low,3.0
2948,8350,59.61162174316234,24,0.0,Low,3.0
2949,8351,61.84457224390388,12,0.0,Low,3.0
2956,8358,54.72420985829928,21,0.0,Low,3.0
2957,8359,42.28611744420832,15,1.0,Low,3.0
2958,8366,112.80452780670258,67,1.0,High,1.0
2959,8367,112.04483196912449,30,1.0,High,1.0
2960,8368,60.903771363607966,32,1.0,Low,3.0
2961,8369,55.99200455519291,18,1.0,Low,3.0
2963,8371,76.76424912741366,54,0.0,Medium,2.0
2964,8372,74.67325563584922,23,0.9565217391304348,Medium,2.0
2965,8373,72.92796023417914,19,0.8947368421052632,Low,3.0
2966,8374,77.9841739632357,17,0.0,Medium,2.0
2967,8375,81.80891862030205,45,0.0,Medium,2.0
2972,8380,79.1381302018316,40,0.0,Medium,2.0
2973,8383,43.77587721742598,24,0.0,Low,3.0
2982,8396,54.458609538640495,28,0.0,Low,3.0
2985,8405,80.04514091700783,74,0.5135135135135135,Medium,2.0
2992,8416,58.056588394447424,50,0.0,Low,3.0
2994,8426,33.33291090659364,19,1.0,Low,3.0
2996,8428,48.54783919735058,21,1.0,Low,3.0
3004,8438,106.87095485634282,53,1.0,High,1.0
3005,8439,111.00669625141022,32,1.0,High,1.0
3007,8442,76.00877850801174,36,1.0,Medium,2.0
3010,8447,112.47345536261487,37,1.0,High,1.0
3011,8448,124.43997622903272,22,1.0,High,1.0
3012,8449,123.55011222524887,24,1.0,High,1.0
3020,8464,107.12376934436816,21,0.0,High,1.0
3022,8476,67.61698508606139,70,0.5428571428571428,Low,3.0
3023,8479,34.25367773844669,15,0.0,Low,3.0
3026,8482,48.21804063027321,47,0.0,Low,3.0
3028,8499,41.35369526914243,25,1.0,Low,3.0
3031,8505,42.190422549355056,13,1.0,Low,3.0
3033,8508,41.695085691023046,15,0.0,Low,3.0
3034,8509,43.71744909618405,16,0.0,Low,3.0
3035,8510,111.88941943755727,51,1.0,High,1.0
3038,8518,87.17946617789865,100,0.07,Medium,2.0
3039,8519,116.51927508169366,24,1.0,High,1.0
3040,8523,64.73484605763753,108,0.0,Low,3.0
3046,8537,48.10441505432128,83,0.0,Low,3.0
3047,8539,69.70954733946532,61,0.0,Low,3.0
3049,8555,42.358355723434975,29,0.0,Low,3.0
3050,8559,66.78544165265647,14,0.0,Low,3.0
3051,8562,46.642016458155155,18,0.0,Low,3.0
3052,8564,51.057845773969305,11,0.0,Low,3.0
3053,8566,57.55480343124165,46,1.0,Low,3.0
3054,8567,28.618923188480455,45,0.0,Low,3.0
3058,8574,114.0762141873924,25,1.0,High,1.0
3059,8575,114.34097153478567,30,1.0,High,1.0
3060,8581,102.75082847429952,22,1.0,High,1.0
3064,8590,74.44635568666256,21,0.0,Medium,2.0
3066,8596,92.92971934748483,12,0.3333333333333333,High,1.0
3068,8599,54.177719293496686,30,0.0,Low,3.0
3070,8602,55.17565334438115,34,0.3235294117647059,Low,3.0
3071,8603,47.58060130630405,240,0.041666666666666664,Low,3.0
3076,8623,37.22057505668317,17,0.0,Low,3.0
3079,8626,31.738891784996515,12,1.0,Low,3.0
3080,8627,31.030277991062874,15,1.0,Low,3.0
3081,8628,42.57169871357946,15,1.0,Low,3.0
3085,8635,32.9646568303242,32,1.0,Low,3.0
3086,8637,90.2679148127487,87,1.0,Medium,2.0
3089,8645,81.03658978548701,15,0.0,Medium,2.0
3100,8785,141.4048907005402,22,1.0,High,1.0
3101,8792,74.66418252946666,60,0.9166666666666666,Medium,2.0
3105,8838,130.96043005076447,20,1.0,High,1.0
3106,8839,135.6742357173178,14,1.0,High,1.0
3107,8840,138.1946076814455,14,1.0,High,1.0
3111,8862,82.51960766686354,26,0.0,Medium,2.0
3112,8870,75.07772383986347,24,1.0,Medium,2.0
3120,8952,98.32686426687373,78,1.0,High,1.0
3127,9046,69.76205598895761,28,1.0,Low,3.0
3128,9085,111.94658841938518,60,1.0,High,1.0
3129,9086,111.8554526178489,70,1.0,High,1.0
3136,9126,74.91572664283757,48,1.0,Medium,2.0
3144,9251,105.74396739823969,12,0.0,High,1.0
3145,9255,126.38037527503553,65,0.0,High,1.0
3146,9283,111.83511780414311,24,1.0,High,1.0
3147,9293,74.26166179646796,16,1.0,Medium,2.0
3149,9325,101.35498955670927,13,0.0,High,1.0
3151,9332,70.58236818021072,25,1.0,Low,3.0
3154,9342,79.4521878537066,16,0.0,Medium,2.0
3162,9403,139.67081248787633,31,0.0,High,1.0
3184,9692,76.66085606051374,14,1.0,Medium,2.0
3185,9716,158.47357274139642,13,0.0,High,1.0
3189,9801,161.2603619919304,12,0.0,High,1.0
3190,9802,156.8458719345981,21,0.0,High,1.0
3193,9858,98.17778747129651,23,0.0,High,1.0
3194,9871,94.21670669536614,19,0.0,High,1.0
3203,9942,78.1432063739227,12,0.0,Medium,2.0
3216,10167,74.68080447339933,40,0.0,Medium,2.0
3218,10197,86.22281881898256,12,0.0,Medium,2.0
3219,10198,87.19604541269057,15,0.0,Medium,2.0
3229,10246,73.81087568072526,11,0.0,Medium,2.0
3231,10248,81.97461258539784,86,0.0,Medium,2.0
3232,10292,112.23033790070822,24,1.0,High,1.0
3242,10320,138.8362793886802,36,0.0,High,1.0
3246,10342,113.73495675705453,29,1.0,High,1.0
3250,10383,109.02189748895371,11,0.0,High,1.0
3252,10386,99.56936734038698,24,0.0,High,1.0
3261,10503,83.92299227336105,25,0.0,Medium,2.0
3273,10643,120.87172736885283,37,0.0,High,1.0
3275,10665,101.06654265474641,56,0.8392857142857143,High,1.0
3276,10666,156.26417277970907,15,1.0,High,1.0
3277,10668,132.83641620809505,15,1.0,High,1.0
3278,10671,113.57996646966852,57,0.0,High,1.0
3279,10677,114.77433314602148,34,1.0,High,1.0
3286,10725,117.7390033597846,23,0.0,High,1.0
3287,10726,110.01186506566222,13,0.0,High,1.0
3306,10859,157.5286034742072,19,0.0,High,1.0
3307,10865,59.99333050957244,12,0.0,Low,3.0
3308,10866,119.43980361568232,16,0.0,High,1.0
3309,10869,136.9048735809754,22,1.0,High,1.0
3310,10870,137.23844869041028,26,1.0,High,1.0
3311,10871,128.81220627823146,26,1.0,High,1.0
3313,10877,91.75937340079274,13,0.0,Medium,2.0
3315,10924,134.31755008849828,16,1.0,High,1.0
3323,11026,65.45701526971827,12,1.0,Low,3.0
3324,11029,110.80892332789574,46,1.0,High,1.0
3325,11030,111.28506765504746,48,1.0,High,1.0
3327,11058,158.8273218306157,15,0.0,High,1.0
3329,11061,170.17129370829883,20,0.0,High,1.0
3330,11063,139.28573554073753,30,0.0,High,1.0
3334,11096,113.43679103108111,24,1.0,High,1.0
3337,11185,65.97741363061697,29,0.0,Low,3.0
3342,11259,66.97256055673652,24,1.0,Low,3.0
3344,11261,92.8847873866003,27,1.0,Medium,2.0
3351,11319,113.8346454602166,49,0.0,High,1.0
3358,11391,107.41218852986783,13,0.0,High,1.0
3359,11392,102.70846083900682,19,0.0,High,1.0
3363,11437,95.36070995755698,49,0.0,High,1.0
3366,11474,77.88705802280884,16,0.0,Medium,2.0
3371,11562,163.81534896510283,14,0.0,High,1.0
3372,11563,125.93722110020049,15,0.0,High,1.0
3376,11623,121.36609902621598,15,0.0,High,1.0
3378,11634,86.70639907449437,122,0.0,Medium,2.0
3380,11652,111.67103820584332,42,1.0,High,1.0
3390,11704,79.46955805736337,11,0.0,Medium,2.0
3392,11759,67.60739574880476,13,1.0,Low,3.0
3394,11785,110.46674371801818,92,1.0,High,1.0
3395,11786,112.99486236745422,46,1.0,High,1.0
3399,11849,118.49197439016415,15,0.0,High,1.0
3400,11890,103.19362781907367,18,1.0,High,1.0
3404,11972,78.12395964606552,58,0.0,Medium,2.0
3409,12026,54.777096578095374,13,0.0,Low,3.0
3412,12075,97.03450638513955,28,0.0,High,1.0
3421,12116,111.6973537248019,51,1.0,High,1.0
3423,12149,136.48585996441923,11,0.0,High,1.0
3427,12159,154.68217559711567,31,0.0,High,1.0
3428,12160,150.940373794637,14,0.0,High,1.0
3429,12167,93.70255581658837,35,1.0,High,1.0
3430,12168,90.77838567708302,28,0.03571428571428571,Medium,2.0
3431,12169,92.59023471745657,16,0.0,Medium,2.0
3440,12265,60.92459399549118,14,0.0,Low,3.0
3441,12269,81.7494820125615,15,0.0,Medium,2.0
3444,12334,93.4131366153688,23,1.0,High,1.0
3454,12385,107.96759581391089,33,0.0,High,1.0
3455,12391,56.778767996662275,12,1.0,Low,3.0
3460,12467,91.212505126909,71,0.0,Medium,2.0
3461,12471,114.23231593063677,13,0.0,High,1.0
3464,12567,85.77144733050898,33,0.0,Medium,2.0
3470,12591,113.83895623372348,84,0.39285714285714285,High,1.0
3473,12595,128.28774036788408,31,1.0,High,1.0
3474,12596,109.11352087955105,21,1.0,High,1.0
3476,12610,84.43805630567942,17,0.0,Medium,2.0
3480,12645,117.05225893648868,11,0.0,High,1.0
3483,12657,99.72397692671741,19,1.0,High,1.0
3484,12658,121.77457759638466,25,0.0,High,1.0
3487,12663,132.31819167027038,22,1.0,High,1.0
3488,12664,128.45289038765833,13,1.0,High,1.0
3491,12668,138.78812615550763,15,1.0,High,1.0
3493,12709,118.39336238395241,13,1.0,High,1.0
3496,12722,85.9753943085875,60,1.0,Medium,2.0
3506,12843,97.61833759354082,32,1.0,High,1.0
3507,12844,117.34114765758203,26,1.0,High,1.0
3509,12848,129.84928769729478,16,1.0,High,1.0
3518,12983,138.56383354358064,29,1.0,High,1.0
3528,13147,71.39737936733498,30,1.0,Low,3.0
3533,13182,134.61710941418582,56,1.0,High,1.0
3534,13183,130.14798038170437,30,1.0,High,1.0
3535,13184,128.87767987060252,18,1.0,High,1.0
3537,13190,123.5301783162058,31,0.0,High,1.0
3539,13231,64.91600011892386,13,0.0,Low,3.0
3541,13242,102.52990362145681,29,1.0,High,1.0
3543,13253,73.97364571765841,23,0.0,Medium,2.0
3544,13258,74.3389456249177,27,0.0,Medium,2.0
3550,13344,82.4429896055514,33,0.0,Medium,2.0
3552,13362,127.54430863379409,18,1.0,High,1.0
3556,13379,120.73849450383702,17,1.0,High,1.0
3561,13433,77.58293016205305,14,1.0,Medium,2.0
3562,13435,110.52201466879933,21,0.0,High,1.0
3563,13445,77.88018998770009,12,0.0,Medium,2.0
3565,13456,120.56697791937312,12,0.0,High,1.0
3572,13567,125.06744119786084,11,0.0,High,1.0
3581,13663,114.28903475006987,50,1.0,High,1.0
3589,13718,82.78182237617952,15,0.0,Medium,2.0
3607,13984,103.08332891635193,19,1.0,High,1.0
3617,14100,119.71967478249717,53,0.0,High,1.0
3619,14103,74.13742086668839,18,0.0,Medium,2.0
3620,14104,133.32644635265558,50,0.0,High,1.0
3621,14107,122.92517896908035,13,0.0,High,1.0
3624,14115,87.24749748202564,15,0.26666666666666666,Medium,2.0
3625,14122,154.3590189930986,16,1.0,High,1.0
3627,14131,93.82395750712134,18,0.0,High,1.0
3637,14192,96.03436983802612,25,0.0,High,1.0
3640,14237,72.69565912340285,24,0.0,Low,3.0
3641,14242,93.66192367578071,34,1.0,High,1.0
3642,14249,61.08788684183705,13,1.0,Low,3.0
3646,14317,73.64242841219446,51,0.0,Medium,2.0
3650,14405,111.23893719472257,62,1.0,High,1.0
3651,14406,111.50934362122544,28,1.0,High,1.0
3656,14469,128.78383275396928,12,0.0,High,1.0
3660,14513,141.48435519725138,11,1.0,High,1.0
3662,14520,89.73961393586667,30,0.9666666666666667,Medium,2.0
3671,14635,105.90524693916934,31,0.0,High,1.0
3674,14652,107.51674352149057,19,1.0,High,1.0
3677,14655,99.65774397205449,13,1.0,High,1.0
3684,14715,60.08410949521683,15,0.0,Low,3.0
3685,14716,75.27905654205611,11,0.0,Medium,2.0
3686,14724,53.68637512025142,12,0.0,Low,3.0
3693,14876,109.15789453492397,24,1.0,High,1.0
3696,14903,139.4324165207806,30,0.0,High,1.0
3697,14904,135.15340876927218,19,0.0,High,1.0
3702,14973,139.85524319659422,18,0.0,High,1.0
3706,15016,86.35399785982203,25,1.0,Medium,2.0
3708,15022,63.03837192965727,20,0.0,Low,3.0
3709,15027,95.21760202860463,21,0.0,High,1.0
3711,15031,78.99050968123382,18,0.0,Medium,2.0
3714,15097,140.53484577737518,11,0.0,High,1.0
3715,15098,151.70100126357366,23,0.0,High,1.0
3716,15100,161.83599849642658,11,0.0,High,1.0
3717,15101,138.13834738082235,42,0.0,High,1.0
3718,15102,147.4741438717472,74,0.0,High,1.0
3724,15177,140.74240597327994,63,1.0,High,1.0
3725,15178,133.60435420005447,19,1.0,High,1.0
3726,15179,131.20317562101303,15,1.0,High,1.0
3730,15229,64.03608704732487,18,1.0,Low,3.0
3733,15244,102.58459730598716,25,0.0,High,1.0
3739,15305,59.94298096080449,17,0.0,Low,3.0
3742,15313,64.2532670319653,50,0.0,Low,3.0
3744,15315,136.91267328331332,19,0.0,High,1.0
3749,15360,69.90007832819205,16,0.0,Low,3.0
3752,15391,115.7894984448058,22,1.0,High,1.0
3754,15421,141.32206873675705,13,0.0,High,1.0
3756,15423,162.84444800545342,22,0.0,High,1.0
3759,15427,110.74837520816705,20,0.0,High,1.0
3760,15428,148.17717606313022,14,0.0,High,1.0
3761,15429,151.75437108722642,41,0.0,High,1.0
3762,15480,87.46006503738522,18,1.0,Medium,2.0
3763,15498,109.71528739665504,16,1.0,High,1.0
3766,15507,83.27803123691464,15,0.0,Medium,2.0
3769,15530,98.5474643794047,21,1.0,High,1.0
3772,15599,111.25509447249752,66,1.0,High,1.0
3779,15647,111.67045650571104,51,1.0,High,1.0
3784,15684,93.63970295085129,33,0.0,High,1.0
3786,15704,87.54617110918954,31,0.0,Medium,2.0
3787,15707,81.57065048808151,18,0.0,Medium,2.0
3791,15767,127.20940959743103,19,1.0,High,1.0
3792,15774,96.93863215022276,11,0.0,High,1.0
3799,15834,66.4854291179451,29,0.0,Low,3.0
3800,15835,117.8400210542061,69,0.0,High,1.0
3801,15836,119.59739389490673,14,0.0,High,1.0
3804,15850,103.16177917496734,49,0.0,High,1.0
3810,15895,120.69578200603067,20,0.0,High,1.0
3814,15899,137.60155647984476,42,0.0,High,1.0
3817,15959,82.09428541650877,28,0.0,Medium,2.0
3820,15966,86.36236891770952,35,0.0,Medium,2.0
3834,16053,118.75852218758237,13,0.0,High,1.0
3838,16183,114.2521231012436,23,0.0,High,1.0
3839,16193,85.74102068846284,26,0.0,Medium,2.0
3850,16253,73.62419405255821,19,1.0,Medium,2.0
3852,16260,72.60803031802844,17,0.0,Low,3.0
3853,16261,69.62129654868555,14,0.0,Low,3.0
3854,16282,67.58170742410745,12,0.0,Low,3.0
3857,16324,99.55625325162585,12,0.0,High,1.0
3858,16366,42.10221591208488,13,0.0,Low,3.0
3861,16382,138.7973875791809,21,1.0,High,1.0
3862,16383,126.71692503215061,18,1.0,High,1.0
3869,16439,101.21084377884512,44,0.0,High,1.0
3870,16442,161.86694830055237,32,0.0,High,1.0
3871,16444,130.14158690046602,12,0.0,High,1.0
3874,16449,129.7575968904467,12,0.0,High,1.0
3882,16527,150.6910502422613,104,1.0,High,1.0
3890,16602,62.887180668707664,18,0.8888888888888888,Low,3.0
3897,16725,102.86692620545445,11,1.0,High,1.0
3898,16726,109.89941952250435,21,1.0,High,1.0
3899,16727,140.53301612804609,33,1.0,High,1.0
3902,16730,132.06268770188552,20,1.0,High,1.0
3909,16796,67.29456387744195,25,0.0,Low,3.0
3921,16927,65.20427552288822,19,0.0,Low,3.0
3922,16935,63.89067572481837,14,0.0,Low,3.0
3923,16937,134.97511319076008,14,1.0,High,1.0
3930,17058,75.15369030108258,11,0.0,Medium,2.0
3932,17062,109.34219494901342,20,1.0,High,1.0
3933,17085,93.77507854244405,38,0.0,High,1.0
3937,17130,79.8958615483908,30,1.0,Medium,2.0
3939,17193,58.54729137686497,52,1.0,Low,3.0
3940,17195,61.75629755090703,52,0.0,Low,3.0
3942,17198,83.5693372947715,55,0.01818181818181818,Medium,2.0
3947,17207,60.31002613467855,14,1.0,Low,3.0
3948,17208,54.97924186802163,28,1.0,Low,3.0
3949,17209,71.56719524121668,26,0.0,Low,3.0
3950,17211,68.16912538801074,29,0.0,Low,3.0
3952,17214,51.20638492960449,115,1.0,Low,3.0
3954,17217,84.3407102052959,60,0.0,Medium,2.0
3955,17218,82.95199616763598,24,0.0,Medium,2.0
3962,17235,68.59967443363941,47,1.0,Low,3.0
3963,17237,107.42197105280394,29,0.0,High,1.0
3964,17242,84.8888654151596,50,0.0,Medium,2.0
3971,17266,56.900054903194224,56,1.0,Low,3.0
3977,17318,80.20385472755768,14,1.0,Medium,2.0
3979,17320,124.97702351724942,19,0.0,High,1.0
3980,17322,138.55706453092904,11,1.0,High,1.0
3984,17340,128.41222790574088,15,0.0,High,1.0
3985,17342,47.94985013699252,12,1.0,Low,3.0
3988,17348,97.97411532732204,347,0.01440922190201729,High,1.0
3989,17349,91.24515618294171,52,1.0,Medium,2.0
3992,17368,88.90782064140438,42,0.0,Medium,2.0
3995,17405,75.23405307779393,18,1.0,Medium,2.0
3997,17407,147.63262217671033,52,0.019230769230769232,High,1.0
3999,17415,63.21359156690731,14,0.0,Low,3.0
4000,17416,52.02996276478984,29,1.0,Low,3.0
4001,17421,59.73445376617873,17,1.0,Low,3.0
4003,17433,136.25858760978812,20,0.0,High,1.0
4004,17434,136.447205197258,12,0.0,High,1.0
4007,17451,87.2635838976787,12,0.0,Medium,2.0
4008,17452,79.29931185795415,34,0.0,Medium,2.0
4014,17469,79.07880693322274,18,1.0,Medium,2.0
4017,17476,121.73639104936058,12,1.0,High,1.0
4020,17483,59.59807854337977,80,1.0,Low,3.0
4022,17492,141.77090581057575,18,0.0,High,1.0
4023,17498,92.38122688491875,25,1.0,Medium,2.0
4030,17517,71.0688255452799,13,1.0,Low,3.0
4034,17525,84.40394188076519,21,0.0,Medium,2.0
4036,17528,102.43191628651935,19,0.0,High,1.0
4037,17529,92.4849859601413,38,0.0,Medium,2.0
4038,17531,99.72813050412677,23,0.0,High,1.0
4040,17546,115.08819507144926,58,1.0,High,1.0
4041,17548,113.55312712870337,20,1.0,High,1.0
4045,17565,117.41701405404534,15,1.0,High,1.0
4048,17571,52.699762450404975,45,1.0,Low,3.0
4053,17581,44.40547240614423,18,1.0,Low,3.0
4055,17583,53.47196770930409,36,1.0,Low,3.0
4057,17606,82.86648628700307,13,0.0,Medium,2.0
4058,17612,92.09750894078077,28,1.0,Medium,2.0
4059,17613,119.08739855639229,14,1.0,High,1.0
4060,17615,52.05287749025136,13,1.0,Low,3.0
4062,17620,125.71003649311429,114,1.0,High,1.0
4064,17623,106.35939658036008,37,1.0,High,1.0
4066,17626,138.08609741023446,23,0.0,High,1.0
4067,17627,135.52549662656003,20,0.0,High,1.0
4068,17628,136.7946021680687,12,0.0,High,1.0
4069,17629,134.2698967075056,16,0.0,High,1.0
4070,17649,110.21940614429954,31,0.0,High,1.0
4072,17664,91.75788941267993,25,1.0,Medium,2.0
4073,17669,70.72174462076788,33,1.0,Low,3.0
4080,17683,83.60597302503723,69,0.0,Medium,2.0
4083,17695,64.29016907664383,32,0.0,Low,3.0
4085,17698,67.37353018103501,16,0.0,Low,3.0
4086,17699,71.7174188065446,61,0.0,Low,3.0
4087,17700,137.7999842885432,30,0.0,High,1.0
4089,17704,64.9892975267026,17,0.0,Low,3.0
4091,17720,73.70678418265713,16,0.0,Medium,2.0
4092,17724,74.29309001868579,28,0.0,Medium,2.0
4095,17731,79.1040623613234,53,1.0,Medium,2.0
4096,17733,120.20877631886401,33,1.0,High,1.0
4097,17734,115.8726502323764,21,1.0,High,1.0
4098,17736,87.18176513431546,47,0.0,Medium,2.0
4100,17744,79.81017345099383,14,0.0,Medium,2.0
4104,17762,81.84207354652779,34,1.0,Medium,2.0
4106,17767,116.77346169054739,50,1.0,High,1.0
4107,17768,122.17196481974429,24,1.0,High,1.0
4108,17772,91.35094563798009,27,1.0,Medium,2.0
4113,17785,84.98534228032827,15,1.0,Medium,2.0
4114,17786,72.37728919524137,19,0.0,Low,3.0
4118,17809,137.40655610658402,71,0.0,High,1.0
4121,17812,118.92285507304513,13,0.38461538461538464,High,1.0
4122,17813,154.28687994737385,102,1.0,High,1.0
4123,17819,57.90065565944318,14,0.0,Low,3.0
4126,17846,70.69834866518146,19,0.0,Low,3.0
4127,17853,140.0758263765208,11,0.0,High,1.0
4132,17865,80.14452892530662,16,0.0,Medium,2.0
4134,17870,148.22701875821343,18,1.0,High,1.0
4135,17873,67.43652876695751,21,0.0,Low,3.0
4138,17876,68.30626890286395,17,0.0,Low,3.0
4142,17905,77.55541685019189,48,1.0,Medium,2.0
4143,17906,84.29287093244517,20,0.0,Medium,2.0
4147,17914,114.57427984198203,13,1.0,High,1.0
4148,17915,78.89856472819724,11,1.0,Medium,2.0
4150,17917,83.59155721833584,21,1.0,Medium,2.0
4151,17918,62.634698884160294,31,1.0,Low,3.0
4153,17926,64.59138955475552,78,1.0,Low,3.0
4154,17932,56.168293355760255,51,1.0,Low,3.0
4156,17938,97.64916939321238,15,1.0,High,1.0
4160,17949,83.97862819861388,22,0.0,Medium,2.0
4161,17954,89.1314004238039,20,0.0,Medium,2.0
4162,17957,155.6617191669679,22,1.0,High,1.0
4168,17976,148.64096533027325,11,0.0,High,1.0
4169,17977,130.25123102383557,13,1.0,High,1.0
4170,17999,138.7295753214783,24,0.0,High,1.0
4171,18000,136.46174692862888,28,0.0,High,1.0
4173,18024,71.16423889550626,20,0.0,Low,3.0
4176,18031,50.90348782917112,19,0.0,Low,3.0
4177,18034,98.78604261970366,182,0.0,High,1.0
4179,18038,83.61804786952236,93,1.0,Medium,2.0
4180,18057,120.57909965139505,52,0.0,High,1.0
4181,18058,90.74158151040926,13,1.0,Medium,2.0
4183,18073,97.39341524941082,45,1.0,High,1.0
4186,18083,66.33875078454429,19,1.0,Low,3.0
4187,18087,52.54010442492757,27,1.0,Low,3.0
4189,18091,58.05390485152153,24,1.0,Low,3.0
4196,18111,73.29126861840739,12,0.0,Medium,2.0
4199,18130,86.33748104002392,13,0.0,Medium,2.0
4200,18131,79.72091036543216,36,0.0,Medium,2.0
4202,18133,95.3268848668587,92,0.0,High,1.0
4204,18137,83.40464298290918,11,1.0,Medium,2.0
4205,18143,85.39497251907119,13,0.0,Medium,2.0
4206,18147,81.70393454848032,16,0.0,Medium,2.0
4208,18150,118.93534771642786,13,0.0,High,1.0
4209,18152,144.74783015730327,11,0.0,High,1.0
4210,18155,139.3840605547902,21,0.0,High,1.0
4211,18158,141.02189774195517,18,0.0,High,1.0
4212,18159,138.54383216288707,47,0.0,High,1.0
4213,18160,137.5839320292682,11,0.0,High,1.0
4214,18165,98.21833068401523,21,0.0,High,1.0
4216,18168,84.71524085758327,21,1.0,Medium,2.0
4217,18169,79.66968408619579,13,1.0,Medium,2.0
4218,18170,88.18814473245077,12,1.0,Medium,2.0
4221,18173,86.90174662856147,29,0.2413793103448276,Medium,2.0
4222,18175,149.94947118579066,11,0.0,High,1.0
4223,18177,103.59197192327865,20,1.0,High,1.0
4224,18181,145.6629069930663,17,1.0,High,1.0
4226,18197,133.78342921287964,74,0.0,High,1.0
4229,18212,57.12255506853274,46,1.0,Low,3.0
4231,18215,78.70172962677434,22,1.0,Medium,2.0
4232,18219,63.832456145352914,19,1.0,Low,3.0
4233,18226,53.123628242980686,39,1.0,Low,3.0
4238,18235,56.03367416680788,11,1.0,Low,3.0
4240,18242,103.42601835439564,25,0.0,High,1.0
4243,18275,75.0972039450054,26,0.0,Medium,2.0
4245,18284,100.6427514836628,38,1.0,High,1.0
4246,18285,82.4799333048182,14,0.0,Medium,2.0
4247,18286,73.9192788596249,173,0.9132947976878613,Medium,2.0
4249,18292,78.5287131634875,91,1.0,Medium,2.0
4251,18307,138.3683884596129,44,0.0,High,1.0
4254,18328,142.52690815277825,33,1.0,High,1.0
4255,18329,125.12318361474793,17,1.0,High,1.0
4256,18330,129.27246966760075,13,1.0,High,1.0
4257,18332,128.27901654077408,19,0.0,High,1.0
4260,18338,136.44557143770857,13,0.0,High,1.0
4262,18347,60.05409274980592,38,1.0,Low,3.0
4264,18351,58.35249774689615,16,1.0,Low,3.0
4269,18370,72.23973425054804,31,0.0,Low,3.0
4270,18372,68.53671939207929,15,0.0,Low,3.0
4275,18390,79.41358149453714,19,1.0,Medium,2.0
4276,18391,82.1190963564524,33,0.8181818181818182,Medium,2.0
4278,18394,83.97846273066301,20,0.0,Medium,2.0
4279,18395,150.94872090086093,13,0.0,High,1.0
4280,18396,91.49365190266346,15,0.0,Medium,2.0
4281,18407,87.12309485647779,16,0.0,Medium,2.0
4283,18415,74.3079209681114,26,0.0,Medium,2.0
4285,18424,96.41145284475347,163,1.0,High,1.0
4286,18427,110.1822993875425,28,1.0,High,1.0
4287,18432,86.62875403260591,12,0.0,Medium,2.0
4290,18437,85.90848415347007,11,1.0,Medium,2.0
4293,18441,122.95740041420996,40,1.0,High,1.0
4294,18443,84.81459366695881,45,1.0,Medium,2.0
4296,18450,74.85690169604413,12,0.0,Medium,2.0
4298,18459,69.33352412176812,70,1.0,Low,3.0
4299,18461,88.59139079383071,16,1.0,Medium,2.0
4300,18463,126.26985652326013,16,1.0,High,1.0
4302,18469,115.62011879758806,19,0.0,High,1.0
4303,18473,142.01736309653083,15,0.0,High,1.0
4307,18481,65.86044208902798,18,1.0,Low,3.0
4308,18483,68.86847030074344,15,1.0,Low,3.0
4309,18484,78.71351996594144,35,1.0,Medium,2.0
4313,18491,62.91728242663613,16,1.0,Low,3.0
4314,18493,102.61972923247558,77,0.0,High,1.0
4316,18510,65.20186033268955,23,0.0,Low,3.0
4319,18523,98.8146126320746,12,0.0,High,1.0
4322,18571,92.60577968442097,39,1.0,Medium,2.0
4327,18619,90.84853005021115,15,1.0,Medium,2.0
4329,18624,83.26579233430655,16,1.0,Medium,2.0
4330,18625,72.06176157191895,12,1.0,Low,3.0
4333,18628,66.03808699286,15,1.0,Low,3.0
4335,18633,63.82495625675957,16,0.0,Low,3.0
4337,18657,92.71077133486195,17,0.0,Medium,2.0
4340,18684,76.31362513961065,20,0.0,Medium,2.0
4341,18687,74.39873109941313,28,0.0,Medium,2.0
4343,18697,62.9319089638922,24,0.9166666666666666,Low,3.0
4344,18700,117.29275069206491,14,0.0,High,1.0
4350,18724,65.0685078179505,13,1.0,Low,3.0
4351,18731,70.41686806095608,27,1.0,Low,3.0
4352,18732,122.50074155646507,11,1.0,High,1.0
4353,18733,67.7531109625278,27,1.0,Low,3.0
4354,18741,59.92746906341339,20,0.0,Low,3.0
4356,18747,70.0015771323718,13,0.0,Low,3.0
4357,18776,53.05283099300018,36,0.0,Low,3.0
4359,18778,72.29228218300365,13,0.0,Low,3.0
4360,18781,73.8360563514047,35,0.0,Medium,2.0
4361,18787,154.37707121958846,11,1.0,High,1.0
4364,18808,82.41636030609317,44,0.0,Medium,2.0
4366,18820,75.05829526840104,11,0.0,Medium,2.0
4369,18842,123.9889402808606,25,0.0,High,1.0
4370,18843,140.67651670920284,13,0.0,High,1.0
4371,18844,137.16186940311445,13,0.0,High,1.0
4376,18856,39.3861219094916,13,1.0,Low,3.0
4382,18885,137.08893130946592,17,0.0,High,1.0
4383,18886,139.15036845284487,21,0.0,High,1.0
4384,18887,138.58972033965836,12,0.0,High,1.0
4385,18888,140.84760949733544,15,0.0,High,1.0
4393,18923,70.09563075178387,29,0.0,Low,3.0
4395,18927,70.20873797562113,15,0.0,Low,3.0
4397,18935,135.7952401716755,50,0.0,High,1.0
4400,18947,79.92956273204513,52,0.0,Medium,2.0
4402,18956,86.48563345977813,18,1.0,Medium,2.0
4403,18958,130.8143176362023,22,1.0,High,1.0
4405,18960,139.38432799285886,15,1.0,High,1.0
4406,18961,137.96977109303074,17,1.0,High,1.0
4413,18997,77.93282399916343,30,1.0,Medium,2.0
4414,18998,96.29197923194549,18,1.0,High,1.0
4416,19006,141.2736013537712,52,1.0,High,1.0
4417,19024,59.50550613724753,14,1.0,Low,3.0
4418,19025,66.02246371380492,41,1.0,Low,3.0
4424,19043,70.44811290091027,12,1.0,Low,3.0
4425,19049,90.62786514923935,30,1.0,Medium,2.0
4428,19057,42.252004305337444,50,1.0,Low,3.0
4429,19058,55.88511880140843,31,1.0,Low,3.0
4430,19061,46.59396635669817,38,1.0,Low,3.0
4431,19062,55.51694649157172,13,1.0,Low,3.0
4434,19069,82.09455932762452,13,1.0,Medium,2.0
4435,19078,85.72483044542155,111,0.0,Medium,2.0
4436,19079,142.9750437721628,19,1.0,High,1.0
4437,19081,86.43190700264542,433,0.9953810623556582,Medium,2.0
4438,19082,129.96827819814445,31,0.0,High,1.0
4439,19084,88.47732116380668,16,0.0,Medium,2.0
4440,19085,82.1024682479136,28,0.0,Medium,2.0
4442,19088,89.5864925192245,46,0.0,Medium,2.0
4447,19121,105.11628389732157,161,1.0,High,1.0
4448,19123,79.16013773295676,44,1.0,Medium,2.0
4451,19137,62.52814665042349,22,0.0,Low,3.0
4453,19139,136.893862280974,11,0.0,High,1.0
4454,19140,129.68022648464867,50,0.0,High,1.0
4457,19145,117.14739541783422,58,1.0,High,1.0
4458,19146,120.23326853494078,14,1.0,High,1.0
4459,19149,89.56388591476653,21,1.0,Medium,2.0
4460,19150,90.30042066959902,12,1.0,Medium,2.0
4461,19151,133.3075286786404,21,0.0,High,1.0
4462,19152,127.72134885854116,15,1.0,High,1.0
4465,19161,71.01714658606942,58,1.0,Low,3.0
4466,19162,87.46569077209014,39,1.0,Medium,2.0
4467,19163,70.65886561824719,49,1.0,Low,3.0
4469,19166,65.16562268432591,11,1.0,Low,3.0
4470,19167,58.33377682342483,30,1.0,Low,3.0
4477,19194,87.21909221629484,43,1.0,Medium,2.0
4478,19196,58.00951152618583,18,1.0,Low,3.0
4480,19200,53.75008145747765,116,0.0,Low,3.0
4483,19205,153.81035033845575,12,1.0,High,1.0
4485,19232,73.38591189974566,25,0.0,Medium,2.0
4489,19264,74.08432467930042,11,0.0,Medium,2.0
4490,19268,117.01255108616395,29,1.0,High,1.0
4491,19285,137.76772015070475,32,0.0,High,1.0
4493,19293,138.68627380254614,11,0.0,High,1.0
4495,19297,110.47591807264726,29,0.0,High,1.0
4496,19304,97.77874113106358,17,1.0,High,1.0
4498,19308,94.20226850872922,67,1.0,High,1.0
4501,19317,82.79519097628742,16,1.0,Medium,2.0
4502,19319,61.64230225342473,13,0.0,Low,3.0
4503,19320,141.58981603573767,37,0.0,High,1.0
4504,19321,145.72678707887414,36,0.0,High,1.0
4506,19325,146.75436423643313,30,1.0,High,1.0
4507,19326,156.20331370486838,22,1.0,High,1.0
4509,19350,93.02510014649827,15,0.0,High,1.0
4519,19383,74.41638144601232,12,0.0,Medium,2.0
4521,19389,107.74040844183033,45,0.0,High,1.0
4522,19391,128.51221403479263,14,0.0,High,1.0
4523,19396,112.18462456089368,108,1.0,High,1.0
4525,19400,40.52235746026138,57,0.0,Low,3.0
4526,19406,138.47688278715265,13,0.0,High,1.0
4527,19410,122.89910340398423,11,1.0,High,1.0
4529,19415,85.64584483750373,25,1.0,Medium,2.0
4531,19419,114.60428920208813,17,1.0,High,1.0
4533,19421,77.44550781319603,23,0.0,Medium,2.0
4534,19423,83.5050661518782,14,0.0,Medium,2.0
4535,19425,121.45953979843848,25,0.0,High,1.0
4536,19427,82.38387333236444,13,0.0,Medium,2.0
4537,19431,110.25193768443758,21,1.0,High,1.0
4538,19432,98.36455132731419,150,1.0,High,1.0
4539,19433,69.7825993418705,84,1.0,Low,3.0
4540,19434,91.37073714773292,17,1.0,Medium,2.0
4541,19443,98.76737685563914,34,1.0,High,1.0
4542,19446,95.8952689981536,34,0.0,High,1.0
4544,19448,67.86879140050728,53,1.0,Low,3.0
4546,19459,56.898190056886314,12,0.0,Low,3.0
4547,19472,81.04363156382112,40,0.0,Medium,2.0
4548,19473,80.45496688775864,26,0.0,Medium,2.0
4550,19482,103.10407440779119,21,0.0,High,1.0
4551,19483,90.35567512810297,91,0.0,Medium,2.0
4554,19496,122.7036271665926,14,0.0,High,1.0
4555,19502,68.94987145017195,16,0.0,Low,3.0
4556,19516,76.32306028868742,11,0.0,Medium,2.0
4558,19529,95.2459222544725,32,1.0,High,1.0
4559,19530,105.23858305053959,28,1.0,High,1.0
4560,19533,101.89109536359048,64,1.0,High,1.0
4562,19557,97.10156141393368,19,1.0,High,1.0
4564,19560,129.78217488596144,15,0.0,High,1.0
4566,19564,60.162249918149094,33,1.0,Low,3.0
4568,19566,75.97030148937655,15,1.0,Medium,2.0
4569,19567,70.55785420885512,25,1.0,Low,3.0
4570,19569,89.82497216780591,12,1.0,Medium,2.0
4572,19571,92.3520668803678,22,1.0,Medium,2.0
4575,19574,85.37579410523885,21,1.0,Medium,2.0
4580,19590,93.20612528516357,24,1.0,High,1.0
4581,19592,120.91131783889615,13,1.0,High,1.0
4582,19594,84.81390514639905,11,1.0,Medium,2.0
4583,19595,88.56584703923536,17,1.0,Medium,2.0
4588,19607,71.5235998956758,15,0.0,Low,3.0
4589,19629,67.88562111847077,65,0.0,Low,3.0
4592,19657,141.1807786195091,18,0.0,High,1.0
4595,19668,111.82412784081168,19,1.0,High,1.0
4596,19674,117.91824283281547,18,1.0,High,1.0
4599,19680,141.31306884783618,17,0.0,High,1.0
4600,19681,129.25641806775846,33,0.0,High,1.0
4604,19699,73.77510083373244,11,0.0,Medium,2.0
4605,19709,129.23340614700734,32,1.0,High,1.0
4606,19715,53.12297006880677,63,0.9047619047619048,Low,3.0
4607,19718,66.48962155303715,12,1.0,Low,3.0
4608,19719,52.43602505860412,199,1.0,Low,3.0
4609,19722,61.898012384848215,17,1.0,Low,3.0
4610,19723,60.15849780098863,17,1.0,Low,3.0
4611,19726,67.68003258259499,37,1.0,Low,3.0
4613,19738,83.93430492596995,18,0.0,Medium,2.0
4616,19750,80.60692710338303,65,0.015384615384615385,Medium,2.0
4617,19752,86.17934893307805,15,0.0,Medium,2.0
4619,19754,88.64672225460858,25,1.0,Medium,2.0
4620,19755,83.31169751352685,17,0.0,Medium,2.0
4621,19756,82.79167665700567,31,0.0,Medium,2.0
4622,19757,83.40419752346345,33,0.0,Medium,2.0
4624,19761,77.30240716834278,84,0.0,Medium,2.0
4627,19766,69.72178814471079,29,1.0,Low,3.0
4628,19767,111.28830244467287,18,0.0,High,1.0
4631,19781,82.60563405654838,12,1.0,Medium,2.0
4632,19782,86.72520569227652,21,0.8095238095238095,Medium,2.0
4633,19783,89.74900554865127,15,0.0,Medium,2.0
4634,19784,79.50133602758157,85,0.25882352941176473,Medium,2.0
4635,19786,91.89744185981264,20,0.0,Medium,2.0
4637,19790,82.13866314212349,13,0.0,Medium,2.0
4638,19796,70.70949780033935,14,0.0,Low,3.0
4640,19807,137.1950112199168,14,0.0,High,1.0
4641,19809,136.63656661571338,19,0.0,High,1.0
4642,19813,106.43948846635695,28,1.0,High,1.0
4643,19814,97.65580369031663,46,1.0,High,1.0
4644,19816,117.31885639453347,28,1.0,High,1.0
4645,19817,124.86521338992945,13,1.0,High,1.0
4647,19823,85.75092272802561,33,0.0,Medium,2.0
4649,19832,93.06819120555052,11,1.0,High,1.0
4650,19833,70.44369955895904,46,1.0,Low,3.0
4653,19843,59.88036953102095,25,1.0,Low,3.0
4654,19844,72.2911820866654,18,1.0,Low,3.0
4660,19866,45.419766220660364,36,1.0,Low,3.0
4661,19871,59.79340083891553,50,1.0,Low,3.0
4662,19874,104.52881929286428,19,0.15789473684210525,High,1.0
4663,19875,68.401935804202,126,0.0,Low,3.0
4665,19902,84.24453003855605,24,1.0,Medium,2.0
4668,19907,85.95893361806618,128,1.0,Medium,2.0
4669,19908,107.84771695176929,244,1.0,High,1.0
4670,19912,77.87127437258236,60,1.0,Medium,2.0
4671,19914,91.11605275574989,37,1.0,Medium,2.0
4673,19966,69.98150181648195,84,1.0,Low,3.0
4675,19968,83.47985177968948,233,1.0,Medium,2.0
4676,19969,67.02740890315862,11,1.0,Low,3.0
4677,19972,88.98725375856085,21,1.0,Medium,2.0
4678,19973,77.68702768203939,35,1.0,Medium,2.0
4679,19975,72.01410952833693,34,1.0,Low,3.0
4683,19990,61.117515685897075,19,0.0,Low,3.0
4688,20030,103.22218235261491,42,0.0,High,1.0
4689,20038,67.66285885070586,23,0.0,Low,3.0
4691,20044,108.71632433669234,29,0.0,High,1.0
4693,20051,76.73505579510035,52,1.0,Medium,2.0
4697,20066,64.97120009882549,24,0.0,Low,3.0
4700,20100,74.77735674536805,41,0.0,Medium,2.0
4702,20112,62.51321455246674,18,0.0,Low,3.0
4705,20133,57.93223862652756,51,1.0,Low,3.0
4706,20134,76.91446879067057,12,1.0,Medium,2.0
4711,20142,62.53999283813017,23,0.0,Low,3.0
4712,20143,83.32165148582841,23,0.0,Medium,2.0
4722,20197,87.84384542176846,31,1.0,Medium,2.0
4723,20198,84.24858790690769,94,1.0,Medium,2.0
4724,20202,94.01425700433131,19,0.0,High,1.0
4730,20286,78.53426948033423,14,0.0,Medium,2.0
4731,20287,81.53302552139097,71,1.0,Medium,2.0
4732,20288,67.99276668805285,30,1.0,Low,3.0
4734,20297,74.12625367670717,35,1.0,Medium,2.0
4735,20298,66.88005317558546,29,1.0,Low,3.0
4736,20299,54.06180808359603,13,1.0,Low,3.0
4737,20306,76.8788273284443,15,0.0,Medium,2.0
4739,20349,139.41057147753418,47,0.0,High,1.0
4742,20362,82.90830991288996,11,0.0,Medium,2.0
4743,20384,114.2831887919047,47,0.0,High,1.0
4746,20395,88.26844416462853,42,0.0,Medium,2.0
4747,20397,72.37605463770929,37,0.0,Low,3.0
4748,20405,84.97023376905051,68,0.0,Medium,2.0
4749,20406,74.8887809559898,52,0.0,Medium,2.0
4751,20420,62.42089802167058,85,0.8588235294117647,Low,3.0
4754,20441,72.24586529455507,34,0.0,Low,3.0
4761,20470,70.05054137592474,13,0.0,Low,3.0
4762,20524,116.80724033213397,32,0.0,High,1.0
4763,20558,65.86447411453213,11,0.0,Low,3.0
4764,20560,87.00067950639895,34,0.0,Medium,2.0
4766,20562,64.77627258395728,53,1.0,Low,3.0
4767,20563,68.41416947465208,20,1.0,Low,3.0
4768,20564,65.78789160330751,20,1.0,Low,3.0
4769,20565,80.39369239600421,93,1.0,Medium,2.0
4773,20607,53.15542793116122,11,0.0,Low,3.0
4774,20608,70.37955293764121,33,1.0,Low,3.0
4775,20609,60.89591722955514,78,1.0,Low,3.0
4776,20611,69.20669706599193,19,1.0,Low,3.0
4783,20674,73.9310885272679,15,1.0,Medium,2.0
4785,20677,60.87672961760586,33,1.0,Low,3.0
4786,20679,72.70083755876041,17,1.0,Low,3.0
4788,20685,63.21799308050329,20,0.0,Low,3.0
4790,20735,95.44929047889404,19,0.0,High,1.0
4792,20741,53.42903927603698,27,0.0,Low,3.0
4794,20752,74.85294792972057,25,0.0,Medium,2.0
4795,20774,67.84026328802221,179,1.0,Low,3.0
4796,20775,64.59596120422614,32,1.0,Low,3.0
4798,20779,41.92742263183754,29,1.0,Low,3.0
4799,20780,59.53550184752965,19,1.0,Low,3.0
4800,20782,53.71682949580866,41,1.0,Low,3.0
4802,20786,62.5726558296963,34,1.0,Low,3.0
4808,20865,60.58556814833262,23,1.0,Low,3.0
4809,20868,66.09174368631396,19,1.0,Low,3.0
4811,20871,67.2874643054602,139,1.0,Low,3.0
4812,20872,64.00855241127387,22,1.0,Low,3.0
4814,20914,106.66337688547627,45,0.0,High,1.0
4816,20949,56.85907667373187,41,1.0,Low,3.0
4818,20953,54.03994740824872,13,0.0,Low,3.0
4823,20998,129.81097427027527,16,0.0,High,1.0
4831,21034,57.75208566156794,16,1.0,Low,3.0
4834,21044,70.75342371339845,34,1.0,Low,3.0
4836,21053,60.14764237238012,35,0.0,Low,3.0
4842,21136,135.24935892744142,33,0.0,High,1.0
4847,21149,76.82905172873528,13,1.0,Medium,2.0
4848,21152,66.23840896177813,54,0.0,Low,3.0
4852,21156,113.62909861950031,48,0.0,High,1.0
4854,21222,53.638350290627635,12,0.0,Low,3.0
4855,21223,81.34846482951946,16,0.0,Medium,2.0
4856,21227,106.33716903860726,31,0.0,High,1.0
4857,21228,120.40369369252612,24,0.0,High,1.0
4863,21301,69.19691411990675,35,1.0,Low,3.0
4864,21304,68.26586290278601,16,1.0,Low,3.0
4865,21305,81.2770643212147,18,0.0,Medium,2.0
4869,21354,91.46720803210444,15,0.0,Medium,2.0
4876,21379,109.94434220928012,23,0.0,High,1.0
4878,21384,78.92148148118221,31,1.0,Medium,2.0
4879,21388,58.70022800728858,18,1.0,Low,3.0
4880,21396,68.21411478890053,34,1.0,Low,3.0
4881,21398,83.08163706764942,31,1.0,Medium,2.0
4883,21400,53.17361104126271,16,0.0,Low,3.0
4884,21403,73.11551578643729,20,0.0,Medium,2.0
4885,21406,83.72947420232107,13,0.0,Medium,2.0
4895,21492,113.94079916484772,118,0.0,High,1.0
4897,21540,97.57416109527033,12,0.0,High,1.0
4901,21556,68.96432752880449,43,1.0,Low,3.0
4902,21608,95.21216121107418,20,0.0,High,1.0
4903,21612,89.88854559112066,11,0.0,Medium,2.0
4905,21636,82.56855165175023,113,1.0,Medium,2.0
4907,21640,78.31328829230051,43,1.0,Medium,2.0
4908,21641,80.71771320230658,54,1.0,Medium,2.0
4909,21642,52.65791202941702,25,1.0,Low,3.0
4910,21643,65.36269737084807,20,1.0,Low,3.0
4912,21647,70.53197023036837,43,1.0,Low,3.0
4918,21687,63.92004054797421,11,1.0,Low,3.0
4919,21689,76.2865967150052,46,0.0,Medium,2.0
4922,21692,73.58700996255442,75,1.0,Medium,2.0
4929,21808,83.20632120833021,195,1.0,Medium,2.0
4930,21809,78.41695153065554,16,1.0,Medium,2.0
4932,21811,63.71075272525046,16,1.0,Low,3.0
4936,21816,91.93197287583787,34,0.0,Medium,2.0
4939,21833,57.65632074684931,18,0.0,Low,3.0
4941,21846,70.57726365110243,18,0.0,Low,3.0
4943,21909,92.62560028935194,15,1.0,Medium,2.0
4946,21913,96.39444529053642,54,0.0,High,1.0
4948,21915,84.7462928823052,24,0.0,Medium,2.0
4949,21917,84.97958544337261,56,1.0,Medium,2.0
4950,21919,61.14715038067276,85,1.0,Low,3.0
4958,21969,68.64386211676464,13,1.0,Low,3.0
4961,21974,140.07738627683062,12,0.0,High,1.0
4963,22007,69.00911789201201,17,1.0,Low,3.0
4964,22009,69.62597988889617,30,0.0,Low,3.0
4965,22010,64.03177624333102,150,1.0,Low,3.0
4967,22014,69.99782121529009,14,1.0,Low,3.0
4968,22048,62.35684342188947,27,1.0,Low,3.0
4975,22160,78.24568501101407,51,1.0,Medium,2.0
4976,22179,89.04283395096105,46,0.0,Medium,2.0
4979,22204,76.91414569959457,53,0.0,Medium,2.0
4983,22217,89.88564133849795,15,0.0,Medium,2.0
4985,22256,54.565439880600934,11,0.7272727272727273,Low,3.0
4991,22310,54.6509410449878,14,0.0,Low,3.0
4994,22337,58.24266089129435,101,1.0,Low,3.0
4995,22346,63.843576925701555,99,1.0,Low,3.0
4996,22350,58.66171067639394,26,0.3076923076923077,Low,3.0
5000,22355,78.80820565402908,11,1.0,Medium,2.0
5006,22413,67.50456728541445,36,0.0,Low,3.0
5012,22481,107.60479656453,20,0.0,High,1.0
5014,22503,58.971580610313396,18,1.0,Low,3.0
5019,22566,105.96623822744375,20,0.0,High,1.0
5020,22571,64.44798898966327,45,1.0,Low,3.0
5022,22575,62.241831195319996,96,1.0,Low,3.0
5023,22576,82.27973102594702,40,1.0,Medium,2.0
5024,22584,52.38254377910217,12,1.0,Low,3.0
5030,22593,64.25268731379396,14,0.0,Low,3.0
5035,22653,75.47970221468806,49,0.0,Medium,2.0
5038,22665,135.82422081984268,19,0.0,High,1.0
5041,22680,60.506783661415504,16,0.9375,Low,3.0
5042,22681,55.48784717368173,58,1.0,Low,3.0
5047,22729,66.84455874816713,167,1.0,Low,3.0
5049,22739,74.70283758610464,16,0.0,Medium,2.0
5054,22806,88.9796590532034,35,1.0,Medium,2.0
5055,22807,61.25602207343576,66,0.9848484848484849,Low,3.0
5056,22810,72.30577067349721,59,1.0,Low,3.0
5057,22820,75.98143385078023,26,1.0,Medium,2.0
5059,22824,70.82620117567186,28,1.0,Low,3.0
5069,22884,104.19585064052512,14,0.0,High,1.0
5070,22886,109.83210056370011,23,0.0,High,1.0
5072,22895,64.64939017358977,28,0.9642857142857143,Low,3.0
5073,22896,62.50688246203584,15,0.2,Low,3.0
5077,22941,76.82412669465441,51,1.0,Medium,2.0
5078,22944,75.28143704122606,13,1.0,Medium,2.0
5079,22945,65.10090358249562,18,1.0,Low,3.0
5080,22948,62.01653409400172,137,1.0,Low,3.0
5081,22949,65.92141981007903,197,1.0,Low,3.0
5082,22953,72.71070874388055,14,1.0,Low,3.0
5088,23014,123.27250154407,39,0.0,High,1.0
5090,23033,83.72838238853561,153,0.0,Medium,2.0
5091,23034,58.48401113932175,17,1.0,Low,3.0
5092,23035,90.5097763318935,77,0.0,Medium,2.0
5094,23043,73.14702614561193,37,1.0,Medium,2.0
5095,23044,64.81627976375385,49,1.0,Low,3.0
5096,23047,73.60594728666675,14,1.0,Medium,2.0
5097,23048,68.932339352471,19,1.0,Low,3.0
5098,23051,52.36121015071156,55,1.0,Low,3.0
5099,23055,77.27624722209556,33,1.0,Medium,2.0
5103,23129,68.10866087719701,87,1.0,Low,3.0
5104,23131,80.21914573861467,32,1.0,Medium,2.0
5105,23132,77.95235883812303,85,1.0,Medium,2.0
5108,23139,78.00828901366475,33,1.0,Medium,2.0
5109,23144,65.06083645334446,35,1.0,Low,3.0
5110,23145,65.31332013195164,33,1.0,Low,3.0
5111,23146,65.7083929510764,39,1.0,Low,3.0
5112,23147,75.43086166307266,15,1.0,Medium,2.0
5114,23149,86.9188203466998,32,1.0,Medium,2.0
5115,23150,65.97252964012037,25,1.0,Low,3.0
5121,23178,65.82442485012808,73,1.0,Low,3.0
5122,23179,48.690642958995106,33,1.0,Low,3.0
5125,23192,60.22267938737759,14,0.5,Low,3.0
5126,23193,61.663245285216426,22,1.0,Low,3.0
5127,23194,87.78846249348774,119,1.0,Medium,2.0
5130,23227,71.73848426024506,56,1.0,Low,3.0
5131,23229,42.25124604340106,17,1.0,Low,3.0
5132,23230,48.146402125878055,51,1.0,Low,3.0
5134,23234,48.87448962705287,61,1.0,Low,3.0
5143,23321,63.31734990327518,37,1.0,Low,3.0
5144,23322,70.08739768565401,30,1.0,Low,3.0
5146,23325,73.28659760243507,12,1.0,Medium,2.0
5148,23329,77.06584246161276,37,1.0,Medium,2.0
5150,23346,112.92911273622528,32,0.0,High,1.0
5151,23370,92.70136149814076,185,0.0,Medium,2.0
5155,23379,84.12438190554744,58,1.0,Medium,2.0
5157,23395,106.02170305606984,11,0.0,High,1.0
5160,23405,104.71199145741352,11,0.0,High,1.0
5162,23414,68.0938531507632,32,1.0,Low,3.0
5163,23415,72.06316477791631,25,1.0,Low,3.0
5165,23417,82.82469110866845,30,1.0,Medium,2.0
5166,23418,67.7208418811654,33,1.0,Low,3.0
5168,23420,66.29017010969845,25,1.0,Low,3.0
5170,23424,64.11822907371301,153,1.0,Low,3.0
5171,23427,84.99288925375191,17,1.0,Medium,2.0
5172,23428,78.36340213259196,89,1.0,Medium,2.0
5173,23439,67.83208265167428,29,1.0,Low,3.0
5174,23441,65.33341285631982,23,1.0,Low,3.0
5175,23442,85.16503321528968,11,1.0,Medium,2.0
5177,23444,67.89568589116938,11,1.0,Low,3.0
5178,23449,74.31134653929662,23,1.0,Medium,2.0
5179,23467,73.43197853252114,73,1.0,Medium,2.0
5183,23477,85.82906927446545,25,1.0,Medium,2.0
5184,23478,62.89268509079811,50,1.0,Low,3.0
5185,23482,71.95646870574423,12,1.0,Low,3.0
5186,23519,85.3583958867593,100,0.0,Medium,2.0
5189,23523,92.25351420346279,38,0.0,Medium,2.0
5196,23564,56.1333643825202,22,1.0,Low,3.0
5197,23565,50.20555231636182,14,1.0,Low,3.0
5199,23567,70.0156174099253,12,1.0,Low,3.0
5202,23584,115.20147646083126,17,0.0,High,1.0
5203,23611,78.55423464718956,30,1.0,Medium,2.0
5205,23624,91.69616617656715,52,0.0,Medium,2.0
5206,23629,79.97009345239894,22,0.0,Medium,2.0
5208,23633,58.65989505216127,13,0.0,Low,3.0
5209,23634,85.92339683983194,45,1.0,Medium,2.0
5210,23644,76.98126610546198,24,1.0,Medium,2.0
5211,23646,67.68330940374575,16,1.0,Low,3.0
5212,23649,78.87140063537689,164,1.0,Medium,2.0
5214,23677,112.71577886584078,24,0.0,High,1.0
5217,23690,69.14570685172313,11,1.0,Low,3.0
5219,23696,73.85675006093955,19,0.0,Medium,2.0
5223,23706,57.65622773038509,35,1.0,Low,3.0
5225,23709,64.63278287017572,12,1.0,Low,3.0
5236,23785,100.00144071434153,21,0.0,High,1.0
5237,23795,68.0901804838559,138,1.0,Low,3.0
5244,23849,93.43367697892707,24,0.0,High,1.0
5245,23850,87.85642802393994,11,0.0,Medium,2.0
5247,23856,62.95293790328267,14,0.0,Low,3.0
5249,23865,87.62414785320992,14,1.0,Medium,2.0
5251,23867,89.89198951465107,14,1.0,Medium,2.0
5253,23871,86.98866764209731,33,0.0,Medium,2.0
