,Uid,In_WellCZ_B
0,-159.36119_22.06893,True
1,-159.46051_21.90991,True
2,-159.46010_21.90947,True
3,-159.36191_22.06867,True
4,-159.36211_22.06667,True
5,-159.30537_22.10228,True
6,-159.34710_22.06137,True
7,-159.45949_21.90853,True
8,-159.46052_21.91023,True
9,-159.32741_22.08296,True
10,-159.36167_22.06975,True
11,-159.36304_22.06606,True
12,-159.36183_22.06788,True
13,-159.32526_22.08133,True
14,-159.33108_22.08632,True
15,-159.32952_22.08624,True
16,-159.30698_22.10490,True
17,-159.30500_22.10156,True
18,-159.30555_22.10189,True
19,-159.30666_22.10275,True
20,-159.30671_22.10305,True
21,-159.31668_22.13729,True
22,-159.64967_22.12687,True
23,-159.46218_21.91165,True
24,-159.35790_22.06791,True
25,-159.46045_21.90962,True
26,-159.36016_22.06914,True
27,-159.36328_22.06538,True
28,-159.36390_22.06773,True
29,-159.32492_22.08178,True
30,-159.32553_22.08172,True
31,-159.30728_22.10523,True
32,-159.46085_21.90865,True
33,-159.50409_21.93054,True
34,-159.45967_21.90987,True
35,-159.46047_21.90824,True
36,-159.46284_21.90879,True
37,-159.46004_21.91025,True
38,-159.46012_21.90833,True
39,-159.46416_21.90948,True
40,-159.37869_22.10502,True
41,-159.46102_21.90893,True
42,-159.46090_21.91025,True
43,-159.46347_21.91170,True
44,-159.36229_22.06604,True
45,-159.42241_22.18663,True
46,-159.36060_22.06923,True
47,-159.32547_22.08136,True
48,-159.32571_22.08328,True
49,-159.36313_22.06885,True
50,-159.32658_22.08062,True
51,-159.32614_22.08144,True
52,-159.32728_22.08146,True
53,-159.32691_22.08363,True
54,-159.35969_22.06905,True
55,-159.36024_22.06819,True
56,-159.36258_22.06534,True
57,-159.32823_22.08688,True
58,-159.32918_22.08126,True
59,-159.30703_22.10436,True
60,-159.34773_22.06077,True
61,-159.30619_22.10298,True
62,-159.30574_22.10201,True
63,-159.32471_22.08127,True
64,-159.32837_22.08410,True
65,-159.36307_22.06277,True
66,-159.45957_21.90903,True
67,-159.36283_22.06695,True
68,-159.32554_22.08313,True
69,-159.32711_22.08185,True
70,-159.32839_22.08505,True
71,-159.35843_22.06781,True
72,-159.46039_21.90861,True
73,-159.46623_21.91187,True
74,-159.30518_22.10217,True
75,-159.35761_22.06821,True
76,-159.43590_21.90598,True
77,-159.36179_22.06920,True
78,-159.33241_22.08524,True
79,-159.32503_22.08131,True
80,-159.30726_22.10495,True
81,-159.35921_22.06928,True
82,-159.35907_22.06866,True
83,-159.35912_22.06795,True
84,-159.46066_21.90845,True
85,-159.45960_21.90930,True
86,-159.52563_21.93716,True
87,-159.50362_21.92602,True
88,-159.46395_21.90968,True
89,-159.32481_22.08501,True
90,-159.54319_22.20961,True
91,-159.35915_22.06898,True
92,-159.46136_21.91166,True
93,-159.46326_21.90963,True
94,-159.36053_22.06880,True
95,-159.36254_22.06822,True
96,-159.32558_22.08251,True
97,-159.32703_22.08204,True
98,-159.30499_22.10206,True
99,-159.34816_22.06094,True
100,-159.36130_22.06840,True
101,-159.35926_22.06958,True
102,-159.46029_21.90801,True
103,-159.36658_22.06683,True
104,-159.35984_22.06866,True
105,-159.36217_22.07015,True
106,-159.36256_22.06613,True
107,-159.32595_22.08247,True
108,-159.32749_22.08207,True
109,-159.33006_22.08244,True
110,-159.30658_22.10463,True
111,-159.30645_22.10443,True
112,-159.46093_21.90989,True
113,-159.46448_21.91175,True
114,-159.46395_21.91169,True
115,-159.37443_21.97075,True
116,-159.36017_22.06960,True
117,-159.36237_22.06932,True
118,-159.32637_22.08583,True
119,-159.32381_22.08397,True
120,-159.32757_22.08189,True
121,-159.30517_22.10167,True
122,-159.30643_22.10236,True
123,-159.43478_22.18528,True
124,-159.34567_22.06183,True
125,-159.46007_21.90919,True
126,-159.50340_21.92681,True
127,-159.32642_22.08140,True
128,-159.32505_22.08266,True
129,-159.32891_22.08546,True
130,-159.32536_22.08220,True
131,-159.32538_22.08297,True
132,-159.30574_22.10249,True
133,-159.35843_22.06821,True
134,-159.50440_21.92570,True
135,-159.36020_22.06874,True
136,-159.36086_22.06886,True
137,-159.32556_22.08212,True
138,-159.31688_22.13470,True
139,-159.45953_21.90877,True
140,-159.35975_22.06950,True
141,-159.50416_21.92937,True
142,-159.46177_21.91166,True
143,-159.46077_21.91175,True
144,-159.36496_22.06980,True
145,-159.33304_22.08583,True
146,-159.32340_22.08368,True
147,-159.32576_22.08207,True
148,-159.32798_22.08152,True
149,-159.32720_22.08165,True
150,-159.30694_22.10416,True
151,-159.30717_22.10457,True
152,-159.35362_22.19693,True
153,-159.34781_22.06112,True
154,-159.50438_21.92640,True
155,-159.46579_21.91196,True
156,-159.45989_21.90865,True
157,-159.37412_21.97071,True
158,-159.36057_22.06968,True
159,-159.36186_22.06893,True
160,-159.36249_22.06879,True
161,-159.36275_22.06733,True
162,-159.32841_22.08647,True
163,-159.32796_22.08623,True
164,-159.32614_22.08478,True
165,-159.32642_22.08183,True
166,-159.32470_22.08236,True
167,-159.32773_22.08151,True
168,-159.32744_22.08332,True
169,-159.30594_22.10261,True
170,-159.34747_22.06183,True
171,-159.46003_21.90901,True
172,-159.46022_21.91020,True
173,-159.36290_22.06666,True
174,-159.36229_22.06741,True
175,-159.32596_22.08567,True
176,-159.32605_22.08207,True
177,-159.32714_22.08333,True
178,-159.32970_22.08189,True
179,-159.30608_22.10276,True
180,-159.30536_22.10178,True
181,-159.36113_22.06310,True
182,-159.36060_22.06826,True
183,-159.35808_22.06882,True
184,-159.36402_22.06564,True
185,-159.36254_22.06856,True
186,-159.36243_22.06905,True
187,-159.36035_22.06388,True
188,-159.50414_21.92984,True
189,-159.35976_22.06485,True
190,-159.46065_21.90886,True
191,-159.50324_21.92741,True
192,-159.46015_21.90969,True
193,-159.46269_21.90939,True
194,-159.46005_21.90794,True
195,-159.36377_22.06609,True
196,-159.36230_22.06960,True
197,-159.32537_22.08537,True
198,-159.30636_22.10400,True
199,-159.30632_22.10373,True
200,-159.30556_22.10238,True
201,-159.50428_21.92876,True
202,-159.46087_21.90960,True
203,-159.36439_22.06849,True
204,-159.32738_22.08512,True
205,-159.32625_22.08264,True
206,-159.32846_22.08150,True
207,-159.30674_22.10349,True
208,-159.36276_22.06406,True
209,-159.64906_22.12742,True
210,-159.34768_22.06148,True
211,-159.45964_21.90955,True
212,-159.46227_21.91271,True
213,-159.46295_21.91164,True
214,-159.36098_22.06976,True
215,-159.35861_22.06925,True
216,-159.36197_22.06844,True
217,-159.32569_22.08139,True
218,-159.32671_22.08163,True
219,-159.32741_22.08226,True
220,-159.30595_22.10217,True
221,-159.30657_22.10253,True
222,-159.30938_22.13676,True
223,-159.35526_22.19435,True
224,-159.34588_22.06145,True
225,-159.50406_21.92421,True
226,-159.50477_21.92757,True
227,-159.50309_21.92794,True
228,-159.50388_21.92688,True
229,-159.46016_21.90994,True
230,-159.36380_22.06661,True
231,-159.36268_22.06763,True
232,-159.36261_22.06793,True
233,-159.33236_22.08443,True
234,-159.32690_22.08592,True
235,-159.32926_22.08233,True
236,-159.32862_22.08178,True
237,-159.30675_22.10479,True
238,-159.30624_22.10225,True
239,-159.50267_21.92970,True
240,-159.36095_22.06833,True
241,-159.32656_22.08502,True
242,-159.32592_22.08142,True
243,-159.32488_22.08251,True
244,-159.32522_22.08228,True
245,-159.32740_22.08271,True
246,-159.32765_22.08170,True
247,-159.32895_22.08300,True
248,-159.30639_22.10421,True
249,-159.31996_22.13460,True
250,-159.35738_22.06867,True
251,-159.33237_22.08400,True
252,-159.32389_22.08490,True
253,-159.32855_22.08256,True
254,-159.30685_22.10391,True
255,-156.51572_20.90680,True
256,-156.51615_20.90606,True
257,-156.51015_20.91484,True
258,-156.51082_20.91514,True
259,-156.51313_20.91280,True
260,-156.51345_20.91249,True
261,-156.51495_20.91194,True
262,-156.51121_20.88885,True
263,-156.54055_20.97499,True
264,-156.63919_20.85386,True
265,-156.28391_20.92228,True
266,-156.28357_20.91869,True
267,-156.28534_20.91825,True
268,-156.28073_20.91618,True
269,-156.28007_20.91432,True
270,-156.28125_20.91469,True
271,-156.28437_20.92128,True
272,-156.28238_20.92220,True
273,-156.28359_20.92416,True
274,-156.28410_20.91141,True
275,-156.28403_20.91114,True
276,-156.28397_20.91087,True
277,-156.28392_20.91059,True
278,-156.28385_20.91033,True
279,-156.28393_20.90950,True
280,-156.28396_20.90922,True
281,-156.28479_20.90965,True
282,-156.32571_20.90557,True
283,-156.32269_20.90278,True
284,-156.28645_20.92049,True
285,-156.28377_20.91261,True
286,-156.28361_20.90654,True
287,-156.28723_20.92434,True
288,-156.51369_20.91326,True
289,-156.51278_20.91462,True
290,-156.51169_20.91485,True
291,-156.51278_20.91307,True
292,-156.51273_20.91389,True
293,-156.32247_20.90106,True
294,-156.32380_20.90596,True
295,-156.32404_20.90616,True
296,-156.32349_20.90698,True
297,-156.32053_20.90088,True
298,-156.32272_20.90160,True
299,-156.32257_20.90173,True
300,-156.32243_20.90184,True
301,-156.32223_20.90191,True
302,-156.32315_20.90672,True
303,-156.32315_20.90617,True
304,-156.32269_20.90621,True
305,-156.32304_20.90649,True
306,-156.32473_20.90646,True
307,-156.31795_20.87923,True
308,-156.54312_20.97539,True
309,-156.54088_20.96979,True
310,-156.52013_20.94341,True
311,-156.28139_20.90224,True
312,-156.28176_20.90337,True
313,-156.28160_20.90481,True
314,-156.28120_20.90571,True
315,-156.27915_20.90202,True
316,-156.27834_20.90154,True
317,-156.27773_20.90103,True
318,-156.27743_20.90043,True
319,-156.27724_20.89993,True
320,-156.27659_20.89838,True
321,-156.27809_20.89658,True
322,-156.27794_20.89730,True
323,-156.31820_20.88573,True
324,-156.30479_20.84494,True
325,-156.30272_20.84005,True
326,-156.32436_20.89913,True
327,-156.32112_20.89405,True
328,-156.32011_20.89254,True
329,-156.31971_20.89212,True
330,-156.31936_20.89162,True
331,-156.31944_20.88773,True
332,-156.32026_20.88943,True
333,-156.28115_20.91733,True
334,-156.28331_20.91180,True
335,-156.28272_20.91646,True
336,-156.28105_20.91813,True
337,-156.28370_20.90876,True
338,-156.28186_20.90913,True
339,-156.28241_20.90805,True
340,-156.28310_20.90721,True
341,-156.28289_20.90893,True
342,-156.28151_20.90711,True
343,-156.28303_20.92517,True
344,-156.28404_20.92497,True
345,-156.28339_20.91303,True
346,-156.28223_20.92508,True
347,-156.28615_20.91789,True
348,-156.33260_20.78210,True
349,-156.30991_20.88347,True
350,-156.31083_20.88114,True
351,-156.33464_20.87935,True
352,-156.33401_20.87888,True
353,-156.32559_20.87195,True
354,-156.51191_20.90714,True
355,-156.51819_20.90469,True
356,-156.48752_20.87284,True
357,-156.32206_20.90516,True
358,-156.31107_20.88268,True
359,-156.31120_20.88307,True
360,-156.31136_20.88344,True
361,-156.31226_20.88434,True
362,-156.31265_20.88468,True
363,-156.31163_20.88473,True
364,-156.31636_20.88263,True
365,-156.31165_20.88384,True
366,-156.31514_20.88237,True
367,-156.31345_20.88329,True
368,-156.31368_20.88413,True
369,-156.31421_20.88378,True
370,-156.31634_20.88159,True
371,-156.31574_20.88193,True
372,-156.31213_20.88521,True
373,-156.31592_20.88475,True
374,-156.31445_20.88477,True
375,-156.31488_20.88349,True
376,-156.31286_20.88592,True
377,-156.31852_20.88009,True
378,-156.31834_20.87992,True
379,-156.32241_20.88178,True
380,-156.32138_20.88206,True
381,-156.32029_20.88242,True
382,-156.31930_20.88274,True
383,-156.31838_20.88303,True
384,-156.32024_20.87912,True
385,-156.31919_20.88195,True
386,-156.31699_20.88071,True
387,-156.28423_20.91314,True
388,-156.28429_20.91278,True
389,-156.28429_20.91248,True
390,-156.28425_20.91222,True
391,-156.28420_20.91195,True
392,-156.28004_20.90101,True
393,-156.27953_20.90065,True
394,-156.27929_20.90017,True
395,-156.27915_20.89959,True
396,-156.27903_20.89891,True
397,-156.27904_20.89757,True
398,-156.27915_20.89702,True
399,-156.28066_20.89936,True
400,-156.28090_20.89984,True
401,-156.28117_20.90047,True
402,-156.32076_20.88338,True
403,-156.31867_20.87946,True
404,-156.31858_20.88029,True
405,-156.31727_20.88152,True
406,-156.31315_20.88067,True
407,-156.31670_20.87988,True
408,-156.31636_20.87933,True
409,-156.28345_20.92264,True
410,-156.28529_20.92182,True
411,-156.28534_20.91461,True
412,-156.28338_20.91214,True
413,-156.28406_20.91444,True
414,-156.28076_20.90467,True
415,-156.28212_20.90454,True
416,-156.28217_20.90584,True
417,-156.51697_20.94227,True
418,-156.51830_20.94207,True
419,-156.51936_20.94176,True
420,-156.51771_20.94245,True
421,-156.51863_20.94230,True
422,-156.51702_20.87568,True
423,-156.51711_20.87594,True
424,-156.51719_20.87620,True
425,-156.51722_20.87649,True
426,-156.51714_20.87705,True
427,-156.51785_20.94303,True
428,-156.52074_20.94131,True
429,-156.51924_20.94055,True
430,-156.51954_20.94166,True
431,-156.51982_20.94171,True
432,-156.52750_20.88271,True
433,-156.52700_20.88276,True
434,-156.52653_20.88270,True
435,-156.51327_20.86083,True
436,-156.51214_20.85991,True
437,-156.51609_20.94495,True
438,-156.52026_20.94310,True
439,-156.51783_20.94402,True
440,-156.51805_20.94454,True
441,-156.51788_20.94514,True
442,-156.51709_20.94585,True
443,-156.51643_20.94439,True
444,-156.51903_20.94351,True
445,-156.52188_20.94151,True
446,-156.52317_20.94171,True
447,-156.51693_20.94540,True
448,-156.51682_20.94493,True
449,-156.52195_20.94216,True
450,-156.51513_20.87172,True
451,-156.51482_20.87140,True
452,-156.51458_20.87113,True
453,-156.51412_20.87000,True
454,-156.51397_20.86944,True
455,-156.51460_20.86945,True
456,-156.51468_20.86973,True
457,-156.51476_20.87001,True
458,-156.51484_20.87030,True
459,-156.51492_20.87058,True
460,-156.51506_20.87082,True
461,-156.51514_20.87112,True
462,-156.51524_20.87040,True
463,-156.51520_20.87005,True
464,-156.51508_20.86945,True
465,-156.51557_20.87132,True
466,-156.53362_20.88367,True
467,-156.53336_20.88373,True
468,-156.53312_20.88382,True
469,-156.51120_20.85650,True
470,-156.51165_20.85674,True
471,-156.51225_20.85700,True
472,-156.51810_20.87364,True
473,-156.51567_20.87474,True
474,-156.51653_20.87299,True
475,-156.51649_20.87338,True
476,-156.51651_20.87393,True
477,-156.51644_20.87417,True
478,-156.51646_20.87446,True
479,-156.51651_20.87472,True
480,-156.51709_20.87464,True
481,-156.51700_20.87439,True
482,-156.51699_20.87415,True
483,-156.51702_20.87391,True
484,-156.51707_20.87367,True
485,-156.51711_20.87338,True
486,-156.51706_20.87304,True
487,-156.51759_20.87306,True
488,-156.51767_20.87331,True
489,-156.51770_20.87356,True
490,-156.51765_20.87395,True
491,-156.52147_20.88271,True
492,-156.52098_20.88305,True
493,-156.52106_20.88245,True
494,-156.51556_20.88304,True
495,-156.52149_20.88290,True
496,-156.52146_20.88312,True
497,-156.52048_20.88313,True
498,-156.51929_20.88314,True
499,-156.52731_20.88333,True
500,-156.52398_20.88212,True
501,-156.52447_20.88222,True
502,-156.52823_20.88280,True
503,-156.52610_20.88265,True
504,-156.51878_20.87599,True
505,-156.51887_20.87626,True
506,-156.51654_20.87658,True
507,-156.51627_20.87575,True
508,-156.51625_20.87547,True
509,-156.51573_20.87531,True
510,-156.51606_20.87522,True
511,-156.51663_20.87494,True
512,-156.51801_20.87666,True
513,-156.51759_20.87626,True
514,-156.51754_20.87566,True
515,-156.51745_20.87540,True
516,-156.51733_20.87515,True
517,-156.51719_20.87490,True
518,-156.51776_20.87461,True
519,-156.51784_20.87482,True
520,-156.51799_20.87516,True
521,-156.51811_20.87581,True
522,-156.51810_20.87610,True
523,-156.51829_20.87654,True
524,-156.51596_20.87551,True
525,-156.51828_20.87459,True
526,-156.51823_20.87416,True
527,-156.51769_20.87439,True
528,-156.51580_20.87281,True
529,-156.51561_20.87505,True
530,-156.31935_20.88132,True
531,-156.63816_20.85812,True
532,-156.51322_20.86774,True
533,-156.51013_20.86909,True
534,-156.52289_20.88296,True
535,-156.50834_20.90018,True
536,-156.50920_20.89995,True
537,-156.51016_20.89975,True
538,-156.51121_20.89927,True
539,-156.49049_20.87561,True
540,-156.49052_20.87543,True
541,-156.49295_20.87552,True
542,-156.63699_20.85286,True
543,-156.51543_20.86668,True
544,-156.51810_20.86943,True
545,-156.51616_20.87052,True
546,-156.51579_20.86976,True
547,-156.51580_20.87003,True
548,-156.51571_20.87065,True
549,-156.51562_20.87096,True
550,-156.51432_20.87027,True
551,-156.51563_20.87358,True
552,-156.51548_20.87445,True
553,-156.51637_20.87635,True
554,-156.48775_20.87392,True
555,-156.48866_20.87424,True
556,-156.28182_20.91678,True
557,-156.53389_20.88363,True
558,-156.65521_20.89202,True
559,-156.51952_20.86352,True
560,-156.51727_20.86330,True
561,-156.28254_20.91367,True
562,-156.51309_20.86185,True
563,-156.51419_20.86224,True
564,-156.63748_20.85792,True
565,-156.63691_20.85570,True
566,-156.63703_20.85639,True
567,-156.63204_20.85140,True
568,-156.51660_20.87689,True
569,-156.50714_20.90175,True
570,-156.50861_20.90105,True
571,-156.50778_20.90162,True
572,-156.51007_20.90114,True
573,-156.51240_20.90106,True
574,-156.51309_20.90124,True
575,-156.51434_20.90079,True
576,-156.51681_20.89034,True
577,-156.51687_20.88967,True
578,-156.51719_20.88891,True
579,-156.51768_20.88828,True
580,-156.51849_20.88770,True
581,-156.51877_20.88642,True
582,-156.51830_20.88499,True
583,-156.51772_20.88538,True
584,-156.51717_20.88584,True
585,-156.51665_20.88627,True
586,-156.51538_20.88684,True
587,-156.51620_20.88847,True
588,-156.51508_20.88850,True
589,-156.51670_20.88757,True
590,-156.51443_20.88941,True
591,-156.51021_20.89088,True
592,-156.51067_20.89052,True
593,-156.51189_20.88929,True
594,-156.51307_20.88853,True
595,-156.51399_20.88812,True
596,-156.51288_20.89010,True
597,-156.51193_20.89089,True
598,-156.51281_20.89084,True
599,-156.51278_20.89147,True
600,-156.51247_20.89252,True
601,-156.51186_20.89239,True
602,-156.51232_20.88887,True
603,-156.33354_20.88039,True
604,-156.33660_20.88156,True
605,-156.33497_20.88151,True
606,-156.33563_20.88237,True
607,-156.33779_20.88272,True
608,-156.33806_20.88368,True
609,-156.49014_20.87344,True
610,-156.51675_20.87341,True
611,-156.51582_20.87418,True
612,-156.51858_20.86533,True
613,-156.51147_20.85642,True
614,-156.27978_20.90688,True
615,-156.51013_20.86186,True
616,-157.91534_21.39931,True
617,-157.90710_21.39637,True
618,-157.90738_21.39610,True
619,-158.17101_21.57649,True
620,-158.12537_21.56343,True
621,-158.12596_21.56334,True
622,-158.12619_21.56325,True
623,-158.12659_21.56335,True
624,-158.12440_21.56306,True
625,-158.12459_21.56297,True
626,-158.12535_21.56289,True
627,-158.12556_21.56289,True
628,-158.12578_21.56289,True
629,-158.12599_21.56289,True
630,-158.12477_21.56288,True
631,-158.12624_21.56280,True
632,-158.12495_21.56279,True
633,-158.12668_21.56280,True
634,-158.12512_21.56271,True
635,-158.12530_21.56262,True
636,-158.12433_21.56261,True
637,-158.12571_21.56262,True
638,-158.12670_21.56262,True
639,-158.12591_21.56262,True
640,-158.12612_21.56253,True
641,-158.12448_21.56252,True
642,-158.12632_21.56253,True
643,-158.12473_21.56243,True
644,-158.12433_21.56243,True
645,-158.12490_21.56234,True
646,-158.12507_21.56225,True
647,-158.12560_21.56217,True
648,-158.12467_21.56225,True
649,-158.12451_21.56198,True
650,-158.12529_21.56198,True
651,-158.12482_21.56189,True
652,-158.12519_21.56180,True
653,-158.12471_21.56171,True
654,-158.12602_21.56361,True
655,-158.12389_21.56315,True
656,-158.12416_21.56270,True
657,-158.12424_21.56216,True
658,-158.12553_21.56189,True
659,-158.12542_21.56171,True
660,-158.03360_21.49905,True
661,-158.03044_21.49668,True
662,-158.02714_21.49576,True
663,-158.03049_21.49443,True
664,-157.91594_21.61279,True
665,-157.91560_21.61251,True
666,-157.91530_21.61242,True
667,-157.91519_21.61233,True
668,-157.91436_21.61278,True
669,-157.91455_21.61260,True
670,-157.91491_21.61242,True
671,-157.91422_21.61223,True
672,-157.91497_21.61287,True
673,-157.91625_21.61207,True
674,-157.91604_21.61198,True
675,-157.91590_21.61179,True
676,-157.89293_21.58400,True
677,-157.89288_21.58219,True
678,-157.88754_21.58505,True
679,-157.88743_21.58459,True
680,-157.88735_21.58360,True
681,-157.89738_21.58846,True
682,-157.88959_21.58533,True
683,-157.88758_21.58523,True
684,-157.88772_21.58387,True
685,-157.89415_21.57615,True
686,-157.90713_21.39601,True
687,-158.12455_21.56333,True
688,-158.12539_21.56225,True
689,-158.12582_21.56217,True
690,-158.12393_21.56342,True
691,-158.12509_21.56162,True
692,-158.11332_21.55270,True
693,-157.89341_21.58220,True
694,-157.79899_21.33131,True
695,-157.80233_21.32962,True
696,-157.86481_21.32698,True
697,-157.86669_21.32636,True
698,-157.86343_21.32552,True
699,-157.86184_21.32262,True
700,-157.86272_21.32245,True
701,-157.86235_21.32244,True
702,-157.86269_21.32236,True
703,-157.85718_21.33099,True
704,-157.85772_21.32810,True
705,-157.85970_21.33047,True
706,-157.86344_21.33031,True
707,-157.86089_21.33020,True
708,-157.86110_21.33011,True
709,-157.86029_21.32957,True
710,-157.85870_21.32721,True
711,-157.85927_21.32712,True
712,-157.86004_21.32532,True
713,-157.85752_21.32503,True
714,-157.84875_21.34141,True
715,-157.85861_21.35512,True
716,-157.86108_21.34764,True
717,-157.85943_21.35124,True
718,-157.85921_21.35115,True
719,-157.87823_21.34306,True
720,-157.87383_21.34194,True
721,-157.86647_21.34451,True
722,-157.87695_21.34133,True
723,-157.86682_21.32500,True
724,-157.86626_21.32292,True
725,-157.92764_21.37879,True
726,-157.90736_21.39574,True
727,-157.90707_21.39528,True
728,-157.94570_21.39616,True
729,-157.94783_21.39428,True
730,-157.90884_21.39231,True
731,-157.90886_21.39213,True
732,-157.90888_21.39195,True
733,-157.90811_21.39204,True
734,-157.90813_21.39177,True
735,-157.90608_21.39654,True
736,-157.90589_21.39654,True
737,-157.90665_21.39646,True
738,-157.90571_21.39636,True
739,-157.90663_21.39609,True
740,-157.90544_21.39600,True
741,-157.90586_21.39609,True
742,-157.90626_21.39591,True
743,-157.90676_21.39573,True
744,-157.90601_21.39573,True
745,-157.90558_21.39573,True
746,-157.90531_21.39563,True
747,-157.90646_21.39564,True
748,-157.90617_21.39555,True
749,-157.90692_21.39546,True
750,-157.90570_21.39546,True
751,-157.90658_21.39537,True
752,-157.90529_21.39527,True
753,-157.90585_21.39519,True
754,-157.90659_21.39510,True
755,-157.90553_21.39500,True
756,-157.90795_21.39502,True
757,-157.90594_21.39501,True
758,-157.90526_21.39500,True
759,-157.90674_21.39483,True
760,-157.90604_21.39483,True
761,-157.90563_21.39482,True
762,-157.90535_21.39464,True
763,-157.90689_21.39456,True
764,-157.90745_21.39456,True
765,-157.90539_21.39446,True
766,-157.90719_21.39438,True
767,-157.90612_21.39428,True
768,-157.90690_21.39429,True
769,-157.90548_21.39428,True
770,-157.90587_21.39419,True
771,-157.90645_21.39411,True
772,-157.90738_21.39411,True
773,-157.90561_21.39401,True
774,-157.90773_21.39393,True
775,-157.90608_21.39392,True
776,-157.90668_21.39393,True
777,-157.90570_21.39374,True
778,-157.90643_21.39374,True
779,-157.90619_21.39365,True
780,-157.90584_21.39356,True
781,-157.90640_21.39347,True
782,-157.90786_21.39348,True
783,-157.90561_21.39347,True
784,-157.90678_21.39329,True
785,-157.90605_21.39329,True
786,-157.90656_21.39311,True
787,-157.90732_21.39276,True
788,-157.90711_21.39321,True
789,-157.90577_21.39311,True
790,-157.90634_21.39311,True
791,-157.90801_21.39312,True
792,-157.90702_21.39293,True
793,-157.90671_21.39284,True
794,-157.90790_21.39276,True
795,-157.90824_21.39267,True
796,-157.90645_21.39248,True
797,-157.90808_21.39249,True
798,-157.90790_21.39231,True
799,-157.90729_21.39176,True
800,-157.90779_21.39167,True
801,-157.90754_21.39167,True
802,-157.90664_21.39230,True
803,-157.90686_21.39212,True
804,-157.90837_21.39141,True
805,-157.90815_21.39123,True
806,-157.90839_21.39114,True
807,-157.90868_21.39087,True
808,-157.90803_21.39484,True
809,-157.90809_21.39466,True
810,-157.90813_21.39439,True
811,-157.90824_21.39403,True
812,-157.90834_21.39385,True
813,-157.90846_21.39367,True
814,-157.90860_21.39340,True
815,-157.90870_21.39322,True
816,-157.90885_21.39268,True
817,-157.90896_21.39177,True
818,-157.90907_21.39168,True
819,-157.91832_21.39382,True
820,-157.94167_21.38828,True
821,-157.90784_21.39529,True
822,-157.94636_21.38759,True
823,-157.94637_21.38704,True
824,-157.94658_21.38614,True
825,-157.94410_21.41214,True
826,-157.99393_21.47641,True
827,-157.99823_21.47427,True
828,-157.99705_21.47363,True
829,-157.99833_21.47346,True
830,-157.99709_21.47228,True
831,-157.99681_21.47146,True
832,-157.99977_21.46949,True
833,-158.00682_21.44478,True
834,-158.00681_21.44433,True
835,-158.00706_21.44343,True
836,-157.99890_21.40688,True
837,-158.02381_21.38281,True
838,-158.03048_21.40580,True
839,-158.03155_21.40544,True
840,-158.03191_21.40536,True
841,-158.03264_21.40518,True
842,-158.02941_21.40435,True
843,-158.03258_21.40428,True
844,-158.03132_21.40364,True
845,-158.02938_21.40344,True
846,-158.03062_21.40336,True
847,-158.03038_21.40273,True
848,-158.02210_21.40169,True
849,-157.85300_21.43720,True
850,-157.73112_21.33072,True
851,-157.70199_21.32779,True
852,-158.08772_21.35788,True
853,-158.08687_21.35787,True
854,-158.08745_21.35760,True
855,-158.20041_21.46262,True
856,-158.20017_21.46226,True
857,-158.19966_21.45991,True
858,-157.80081_21.33304,True
859,-157.85744_21.32955,True
860,-157.86398_21.33059,True
861,-157.87760_21.34197,True
862,-157.86875_21.32655,True
863,-157.90747_21.39529,True
864,-157.90517_21.39545,True
865,-157.90580_21.39455,True
866,-157.90545_21.39301,True
867,-157.90691_21.39266,True
868,-157.90737_21.39230,True
869,-157.90853_21.39105,True
870,-157.90818_21.39421,True
871,-157.90853_21.39358,True
872,-157.94619_21.38786,True
873,-157.99818_21.47219,True
874,-157.99815_21.47138,True
875,-157.99823_21.47084,True
876,-157.99776_21.47038,True
877,-158.00468_21.40809,True
878,-158.00364_21.40772,True
879,-158.00260_21.40771,True
880,-157.85254_21.43620,True
881,-158.08553_21.35687,True
882,-157.80368_21.29755,True
883,-157.78493_21.31359,True
884,-157.78600_21.31306,True
885,-157.78450_21.31232,True
886,-157.78565_21.31513,True
887,-157.78521_21.31459,True
888,-157.78570_21.31098,True
889,-157.78891_21.30684,True
890,-157.78955_21.30576,True
891,-157.81871_21.28348,True
892,-157.81085_21.28613,True
893,-157.81080_21.29092,True
894,-157.81328_21.29229,True
895,-157.82556_21.30548,True
896,-157.82340_21.30366,True
897,-157.82416_21.30267,True
898,-157.82324_21.30058,True
899,-157.82634_21.30051,True
900,-157.82513_21.29536,True
901,-157.82767_21.30847,True
902,-157.82830_21.30839,True
903,-157.82798_21.30830,True
904,-157.82757_21.30820,True
905,-157.82908_21.30794,True
906,-157.82787_21.30811,True
907,-157.82831_21.30812,True
908,-157.82885_21.30803,True
909,-157.82734_21.30793,True
910,-157.82821_21.30803,True
911,-157.82874_21.30785,True
912,-157.82919_21.30785,True
913,-157.83082_21.30524,True
914,-157.82581_21.31036,True
915,-157.82562_21.31027,True
916,-157.82415_21.31008,True
917,-157.82615_21.31000,True
918,-157.82578_21.31000,True
919,-157.82688_21.30973,True
920,-157.82710_21.30973,True
921,-157.82756_21.30947,True
922,-157.82721_21.30892,True
923,-157.82814_21.30902,True
924,-157.82759_21.30893,True
925,-157.82762_21.30874,True
926,-157.82843_21.30848,True
927,-157.82868_21.30839,True
928,-157.82896_21.30821,True
929,-157.82725_21.30675,True
930,-157.82691_21.30711,True
931,-157.82683_21.30684,True
932,-157.82685_21.30666,True
933,-157.82657_21.30666,True
934,-157.82689_21.30603,True
935,-157.84299_21.30966,True
936,-157.84317_21.30967,True
937,-157.84353_21.30949,True
938,-157.84370_21.30949,True
939,-157.84416_21.30922,True
940,-157.84429_21.30642,True
941,-157.84775_21.30897,True
942,-157.84706_21.30888,True
943,-157.84550_21.30869,True
944,-157.84657_21.30842,True
945,-157.85119_21.31189,True
946,-157.85648_21.30253,True
947,-157.86334_21.32209,True
948,-157.86716_21.32230,True
949,-158.12130_21.56115,True
950,-157.92697_21.64114,True
951,-157.89184_21.58381,True
952,-157.88976_21.58470,True
953,-157.88986_21.58515,True
954,-157.88890_21.58569,True
955,-157.88875_21.58578,True
956,-157.82654_21.31009,True
957,-157.82777_21.30938,True
958,-157.81874_21.28745,True
959,-157.82389_21.30276,True
960,-157.81790_21.30425,True
961,-157.82203_21.29967,True
962,-157.82856_21.30803,True
963,-157.82795_21.30775,True
964,-157.82542_21.31054,True
965,-157.82670_21.30964,True
966,-157.82593_21.30973,True
967,-157.82735_21.30928,True
968,-157.82708_21.30928,True
969,-157.82790_21.30911,True
970,-157.84335_21.30958,True
971,-157.99713_21.47435,True
972,-157.99648_21.47444,True
973,-158.12108_21.56196,True
974,-158.12026_21.55355,True
975,-158.11611_21.55164,True
976,-158.11579_21.55145,True
977,-157.89158_21.58453,True
978,-157.88299_21.54843,True
979,-157.88303_21.54825,True
980,-154.95903_19.50691,True
981,-154.96002_19.50805,True
982,-154.96110_19.50991,True
983,-154.96159_19.51052,True
984,-154.96304_19.51229,True
985,-154.96069_19.51160,True
986,-154.95833_19.51023,True
987,-154.96072_19.50945,True
988,-154.96039_19.50900,True
989,-154.96204_19.51353,True
990,-154.95897_19.50820,True
991,-154.95867_19.51067,True
992,-154.96006_19.51110,True
993,-154.92528_19.52318,True
994,-154.92541_19.52296,True
995,-154.92633_19.52288,True
996,-154.92620_19.52310,True
997,-154.92606_19.52187,True
998,-154.92644_19.52125,True
999,-154.92653_19.52098,True
1000,-154.92729_19.52017,True
1001,-154.92835_19.51907,True
1002,-154.92904_19.51882,True
1003,-154.92819_19.52003,True
1004,-154.92724_19.52138,True
1005,-154.92672_19.52223,True
1006,-154.95038_19.50795,True
1007,-154.94787_19.51000,True
1008,-154.94691_19.51079,True
1009,-154.94522_19.51216,True
1010,-154.94439_19.51285,True
1011,-154.94257_19.51749,True
1012,-154.94521_19.51534,True
1013,-154.94772_19.51329,True
1014,-154.94952_19.51181,True
1015,-154.95035_19.51113,True
1016,-154.95119_19.51045,True
1017,-154.95292_19.50907,True
1018,-154.95343_19.50808,True
1019,-154.95481_19.50769,True
1020,-154.94567_19.51721,True
1021,-155.01241_19.51406,True
1022,-155.01300_19.51400,True
1023,-155.00869_19.51252,True
1024,-155.01024_19.51320,True
1025,-155.01027_19.51243,True
1026,-155.01137_19.51234,True
1027,-155.00272_19.51397,True
1028,-155.00252_19.51281,True
1029,-155.00528_19.51360,True
1030,-155.00602_19.51295,True
1031,-155.00545_19.51199,True
1032,-154.99884_19.51510,True
1033,-154.99934_19.51509,True
1034,-154.99993_19.51502,True
1035,-155.00028_19.51559,True
1036,-155.00105_19.51415,True
1037,-155.00059_19.51234,True
1038,-154.99812_19.51496,True
1039,-154.99716_19.51421,True
1040,-154.99246_19.51573,True
1041,-154.99326_19.51529,True
1042,-154.99507_19.51429,True
1043,-154.99350_19.51571,True
1044,-155.03917_19.62933,True
1045,-155.03917_19.62956,True
1046,-155.03917_19.62979,True
1047,-155.03917_19.63013,True
1048,-155.03917_19.63036,True
1049,-155.03917_19.63058,True
1050,-155.03922_19.63137,True
1051,-155.03925_19.63159,True
1052,-155.03871_19.63135,True
1053,-155.03867_19.63110,True
1054,-155.03867_19.63084,True
1055,-155.03866_19.63057,True
1056,-155.03866_19.63031,True
1057,-155.03866_19.63004,True
1058,-155.03866_19.62976,True
1059,-155.03866_19.62949,True
1060,-155.03865_19.62923,True
1061,-155.03809_19.62915,True
1062,-155.03810_19.62942,True
1063,-155.03811_19.62970,True
1064,-155.03811_19.62997,True
1065,-155.03811_19.63025,True
1066,-155.03811_19.63053,True
1067,-155.03811_19.63081,True
1068,-155.03813_19.63111,True
1069,-155.04972_19.60532,True
1070,-155.05090_19.60481,True
1071,-155.05072_19.60502,True
1072,-155.05016_19.60564,True
1073,-155.04978_19.60611,True
1074,-155.04960_19.60633,True
1075,-155.04943_19.60655,True
1076,-155.04925_19.60677,True
1077,-155.04992_19.60586,True
1078,-155.05008_19.60496,True
1079,-155.10058_19.55657,True
1080,-155.10097_19.55625,True
1081,-155.10174_19.55561,True
1082,-155.10545_19.55324,True
1083,-155.10515_19.55350,True
1084,-155.10484_19.55375,True
1085,-155.10440_19.55451,True
1086,-155.10368_19.55474,True
1087,-155.10337_19.55501,True
1088,-155.10278_19.55551,True
1089,-155.10251_19.55574,True
1090,-155.10221_19.55600,True
1091,-155.10194_19.55622,True
1092,-155.10168_19.55678,True
1093,-155.10110_19.55692,True
1094,-155.10059_19.55734,True
1095,-155.10586_19.55402,True
1096,-155.10528_19.55457,True
1097,-155.10475_19.55496,True
1098,-155.10404_19.55451,True
1099,-155.10389_19.55570,True
1100,-155.10315_19.55623,True
1101,-155.10498_19.55425,True
1102,-155.10331_19.55654,True
1103,-155.10597_19.55309,True
1104,-155.10772_19.55600,True
1105,-155.10225_19.55639,True
1106,-155.10201_19.55812,True
1107,-155.10851_19.55341,True
1108,-155.10980_19.55610,True
1109,-155.10921_19.55220,True
1110,-155.10948_19.55248,True
1111,-155.10972_19.55275,True
1112,-155.11000_19.55348,True
1113,-155.10952_19.55366,True
1114,-155.10073_19.55561,True
1115,-155.10103_19.55535,True
1116,-155.10134_19.55510,True
1117,-155.10120_19.71853,True
1118,-155.10162_19.71914,True
1119,-155.08825_19.64860,True
1120,-155.10073_19.65307,True
1121,-155.10302_19.65360,True
1122,-155.10592_19.65091,True
1123,-155.10761_19.65292,True
1124,-155.09710_19.65285,True
1125,-155.10714_19.65392,True
1126,-155.10631_19.65298,True
1127,-155.10569_19.65367,True
1128,-155.10489_19.65381,True
1129,-155.10476_19.65282,True
1130,-155.10536_19.65215,True
1131,-155.07683_19.66917,True
1132,-155.07685_19.66936,True
1133,-155.07686_19.66955,True
1134,-155.07688_19.66974,True
1135,-155.07689_19.66993,True
1136,-155.07691_19.67012,True
1137,-155.07229_19.67060,True
1138,-155.07226_19.67030,True
1139,-155.07224_19.66998,True
1140,-155.07221_19.66968,True
1141,-155.07219_19.66937,True
1142,-155.07166_19.66941,True
1143,-155.07169_19.66972,True
1144,-155.07171_19.67003,True
1145,-155.07173_19.67034,True
1146,-155.07176_19.67065,True
1147,-155.07460_19.67022,True
1148,-155.07457_19.66996,True
1149,-155.07455_19.66970,True
1150,-155.07453_19.66945,True
1151,-155.07451_19.66919,True
1152,-155.07518_19.66940,True
1153,-155.07520_19.66966,True
1154,-155.07522_19.66992,True
1155,-155.07524_19.67017,True
1156,-155.07575_19.67014,True
1157,-155.07572_19.66988,True
1158,-155.07570_19.66962,True
1159,-155.07568_19.66937,True
1160,-155.07566_19.66910,True
1161,-155.07631_19.66906,True
1162,-155.07633_19.66932,True
1163,-155.07635_19.66957,True
1164,-155.07637_19.66983,True
1165,-155.07639_19.67008,True
1166,-155.07269_19.67056,True
1167,-155.07264_19.66994,True
1168,-155.07333_19.66929,True
1169,-155.07410_19.66954,True
1170,-155.08559_19.67046,True
1171,-155.08557_19.67017,True
1172,-155.08555_19.66988,True
1173,-155.08553_19.66959,True
1174,-155.08551_19.66930,True
1175,-155.08495_19.66893,True
1176,-155.08498_19.66922,True
1177,-155.08500_19.66951,True
1178,-155.08502_19.66981,True
1179,-155.08504_19.67009,True
1180,-155.08506_19.67038,True
1181,-155.08463_19.67012,True
1182,-155.08461_19.66983,True
1183,-155.08459_19.66954,True
1184,-155.08457_19.66925,True
1185,-155.08455_19.66896,True
1186,-155.08400_19.66899,True
1187,-155.08403_19.66928,True
1188,-155.08405_19.66957,True
1189,-155.08407_19.66986,True
1190,-155.08409_19.67015,True
1191,-155.08368_19.67018,True
1192,-155.08366_19.66989,True
1193,-155.08362_19.66931,True
1194,-155.08307_19.66915,True
1195,-155.08313_19.66984,True
1196,-155.08315_19.67014,True
1197,-155.08638_19.67063,True
1198,-155.08593_19.67025,True
1199,-155.08635_19.67019,True
1200,-155.08589_19.66980,True
1201,-155.08632_19.66976,True
1202,-155.08586_19.66935,True
1203,-155.08628_19.66932,True
1204,-155.08749_19.67105,True
1205,-155.08746_19.67063,True
1206,-155.08744_19.67037,True
1207,-155.08742_19.67011,True
1208,-155.08740_19.66984,True
1209,-155.08739_19.66958,True
1210,-155.08827_19.67007,True
1211,-155.08794_19.67003,True
1212,-155.08807_19.67036,True
1213,-155.08809_19.67061,True
1214,-155.08853_19.67109,True
1215,-155.08812_19.67099,True
1216,-155.08813_19.67124,True
1217,-155.08844_19.66988,True
1218,-155.08656_19.66926,True
1219,-155.08705_19.67012,True
1220,-155.08708_19.67057,True
1221,-155.09441_19.67311,True
1222,-155.09385_19.67315,True
1223,-155.09391_19.67287,True
1224,-155.09362_19.67289,True
1225,-155.09332_19.67291,True
1226,-155.06779_19.67208,True
1227,-155.05693_19.64864,True
1228,-155.05504_19.65104,True
1229,-155.08018_19.66881,True
1230,-155.08051_19.66879,True
1231,-155.08085_19.66876,True
1232,-155.08165_19.66871,True
1233,-155.08198_19.66869,True
1234,-155.08266_19.66864,True
1235,-155.08266_19.66909,True
1236,-155.08213_19.66913,True
1237,-155.08172_19.66916,True
1238,-155.08119_19.66919,True
1239,-155.08078_19.66922,True
1240,-155.08025_19.66926,True
1241,-155.08028_19.66955,True
1242,-155.08080_19.66951,True
1243,-155.08121_19.66949,True
1244,-155.08174_19.66945,True
1245,-155.08215_19.66942,True
1246,-155.08268_19.66939,True
1247,-155.08270_19.66968,True
1248,-155.08217_19.66972,True
1249,-155.08176_19.66975,True
1250,-155.08123_19.66978,True
1251,-155.08030_19.66985,True
1252,-155.08126_19.67008,True
1253,-155.08178_19.67004,True
1254,-155.08273_19.66997,True
1255,-155.07735_19.66896,True
1256,-155.07739_19.66951,True
1257,-155.07750_19.66996,True
1258,-155.09106_19.65231,True
1259,-155.09189_19.65196,True
1260,-155.09527_19.67330,True
1261,-155.12883_19.78918,True
1262,-155.13005_19.79014,True
1263,-155.13725_19.83546,True
1264,-155.13970_19.83661,True
1265,-155.14231_19.83599,True
1266,-155.14385_19.83622,True
1267,-155.14492_19.83568,True
1268,-155.14840_19.83378,True
1269,-155.14788_19.83399,True
1270,-155.13316_19.83730,True
1271,-155.13005_19.83623,True
1272,-155.14370_19.83461,True
1273,-155.14303_19.83484,True
1274,-155.10084_19.83551,True
1275,-155.11364_19.83324,True
1276,-155.12298_19.86070,True
1277,-155.12029_19.86570,True
1278,-155.12501_19.88965,True
1279,-155.12506_19.89006,True
1280,-155.12590_19.88868,True
1281,-155.12711_19.88789,True
1282,-155.13012_19.88724,True
1283,-155.12628_19.88970,True
1284,-155.12592_19.89010,True
1285,-155.12669_19.88964,True
1286,-155.12701_19.88933,True
1287,-155.13678_19.88114,True
1288,-155.13527_19.88216,True
1289,-155.13270_19.88335,True
1290,-155.12603_19.88958,True
1291,-155.12537_19.88750,True
1292,-155.15416_19.86665,True
1293,-155.15231_19.86730,True
1294,-155.14975_19.86801,True
1295,-155.14022_19.87748,True
1296,-155.13927_19.87967,True
1297,-155.14236_19.87706,True
1298,-155.14851_19.87236,True
1299,-155.15120_19.86811,True
1300,-155.13806_19.87803,True
1301,-155.14155_19.87503,True
1302,-155.14226_19.87842,True
1303,-155.14622_19.87479,True
1304,-155.24589_19.96035,True
1305,-155.24873_19.96322,True
1306,-155.24737_19.96585,True
1307,-155.24757_19.96456,True
1308,-155.46656_20.08304,True
1309,-155.46609_20.07804,True
1310,-155.46880_20.07793,True
1311,-155.46868_20.07858,True
1312,-155.46850_20.07854,True
1313,-155.46748_20.07813,True
1314,-155.46889_20.07862,True
1315,-155.46798_20.07770,True
1316,-155.47253_20.08007,True
1317,-155.47257_20.08080,True
1318,-155.47217_20.08061,True
1319,-155.47129_20.08013,True
1320,-155.47080_20.08025,True
1321,-155.47047_20.08020,True
1322,-155.47007_20.08013,True
1323,-155.46983_20.08022,True
1324,-155.47122_20.08044,True
1325,-155.47120_20.08062,True
1326,-155.47484_20.07922,True
1327,-155.47409_20.08038,True
1328,-155.47464_20.08008,True
1329,-155.47382_20.07958,True
1330,-155.47331_20.08108,True
1331,-155.47461_20.08061,True
1332,-155.47438_20.08058,True
1333,-155.47476_20.07951,True
1334,-155.47713_20.06658,True
1335,-155.47745_20.06733,True
1336,-155.47508_20.06694,True
1337,-155.47329_20.07223,True
1338,-155.47315_20.07389,True
1339,-155.47325_20.07243,True
1340,-155.47325_20.07264,True
1341,-155.47325_20.07285,True
1342,-155.47326_20.07307,True
1343,-155.47326_20.07334,True
1344,-155.47324_20.06976,True
1345,-155.47379_20.06835,True
1346,-155.47190_20.07232,True
1347,-155.47171_20.07196,True
1348,-155.47213_20.07173,True
1349,-155.46714_20.08070,True
1350,-155.46801_20.07961,True
1351,-155.46791_20.07982,True
1352,-155.46764_20.07976,True
1353,-155.46713_20.07960,True
1354,-155.46697_20.07954,True
1355,-155.46684_20.07948,True
1356,-155.46670_20.07943,True
1357,-155.46656_20.07937,True
1358,-155.46641_20.07985,True
1359,-155.46652_20.08000,True
1360,-155.46661_20.07982,True
1361,-155.46680_20.08000,True
1362,-155.46700_20.08009,True
1363,-155.46724_20.08018,True
1364,-155.46744_20.08026,True
1365,-155.46758_20.08035,True
1366,-155.46788_20.08042,True
1367,-155.46874_20.08089,True
1368,-155.46866_20.08152,True
1369,-155.46731_20.07967,True
1370,-155.46619_20.08032,True
1371,-155.46636_20.07976,True
1372,-155.46748_20.07981,True
1373,-155.47099_20.07750,True
1374,-155.47090_20.07774,True
1375,-155.47080_20.07799,True
1376,-155.47069_20.07829,True
1377,-155.47062_20.07857,True
1378,-155.47057_20.07881,True
1379,-155.47046_20.07909,True
1380,-155.47081_20.07937,True
1381,-155.47099_20.07945,True
1382,-155.47115_20.07951,True
1383,-155.47134_20.07953,True
1384,-155.47160_20.07934,True
1385,-155.47141_20.07928,True
1386,-155.47122_20.07923,True
1387,-155.47105_20.07915,True
1388,-155.47089_20.07901,True
1389,-155.47097_20.07869,True
1390,-155.47120_20.07877,True
1391,-155.47141_20.07883,True
1392,-155.47159_20.07888,True
1393,-155.47178_20.07891,True
1394,-155.47198_20.07857,True
1395,-155.47178_20.07854,True
1396,-155.47160_20.07849,True
1397,-155.47142_20.07846,True
1398,-155.47123_20.07841,True
1399,-155.47102_20.07839,True
1400,-155.47119_20.07801,True
1401,-155.47127_20.07782,True
1402,-155.47133_20.07758,True
1403,-155.47152_20.07803,True
1404,-155.47228_20.07866,True
1405,-155.47250_20.07870,True
1406,-155.47229_20.07890,True
1407,-155.47206_20.07907,True
1408,-155.47233_20.07914,True
1409,-155.47226_20.07949,True
1410,-155.47207_20.07947,True
1411,-155.47190_20.07943,True
1412,-155.47185_20.07969,True
1413,-155.47208_20.07979,True
1414,-155.47229_20.07997,True
1415,-155.47185_20.07809,True
1416,-155.47213_20.07815,True
1417,-155.47244_20.07822,True
1418,-155.47264_20.07826,True
1419,-155.47230_20.07760,True
1420,-155.47238_20.07701,True
1421,-155.47205_20.07655,True
1422,-155.47178_20.07632,True
1423,-155.47150_20.07614,True
1424,-155.47208_20.07592,True
1425,-155.47240_20.07612,True
1426,-155.47294_20.07636,True
1427,-155.47250_20.07580,True
1428,-155.47276_20.07563,True
1429,-155.47300_20.07547,True
1430,-155.47318_20.07527,True
1431,-155.47190_20.06917,True
1432,-155.47203_20.06946,True
1433,-155.47212_20.06965,True
1434,-155.47216_20.06984,True
1435,-155.47219_20.07003,True
1436,-155.47220_20.07022,True
1437,-155.47219_20.07043,True
1438,-155.47219_20.07070,True
1439,-155.47208_20.07095,True
1440,-155.47187_20.07094,True
1441,-155.47166_20.07096,True
1442,-155.47168_20.07046,True
1443,-155.47166_20.07021,True
1444,-155.47164_20.06998,True
1445,-155.47156_20.06950,True
1446,-155.51675_20.04829,True
1447,-155.75121_20.21639,True
1448,-155.75029_20.21332,True
1449,-155.75245_20.21297,True
1450,-155.82299_20.21450,True
1451,-155.82236_20.21773,True
1452,-155.82200_20.22558,True
1453,-155.82444_20.21829,True
1454,-155.82376_20.21980,True
1455,-155.82650_20.22124,True
1456,-155.82489_20.22210,True
1457,-155.82534_20.22551,True
1458,-155.82543_20.23221,True
1459,-155.82516_20.22386,True
1460,-155.82732_20.22283,True
1461,-155.82762_20.22388,True
1462,-155.82768_20.22458,True
1463,-155.82768_20.22526,True
1464,-155.82701_20.22712,True
1465,-155.82789_20.22820,True
1466,-155.82765_20.22732,True
1467,-155.82796_20.22742,True
1468,-155.82827_20.22752,True
1469,-155.65929_20.02829,True
1470,-155.66047_20.02763,True
1471,-155.66019_20.02817,True
1472,-155.66150_20.02835,True
1473,-155.66158_20.02736,True
1474,-155.66258_20.02666,True
1475,-155.65902_20.02998,True
1476,-155.65798_20.03032,True
1477,-155.65820_20.02864,True
1478,-155.65841_20.02619,True
1479,-155.65884_20.02582,True
1480,-155.66038_20.02615,True
1481,-155.65707_20.02703,True
1482,-155.65729_20.02636,True
1483,-155.66390_20.02801,True
1484,-155.66325_20.02936,True
1485,-155.84288_19.81677,True
1486,-155.83407_19.81969,True
1487,-155.83582_19.81971,True
1488,-155.83505_19.81978,True
1489,-155.83815_19.81948,True
1490,-155.83525_19.81931,True
1491,-155.83844_19.81914,True
1492,-155.83884_19.81921,True
1493,-155.83830_19.81724,True
1494,-155.97437_19.75588,True
1495,-155.96922_19.75301,True
1496,-155.97099_19.75041,True
1497,-155.97827_19.73715,True
1498,-155.97482_19.73088,True
1499,-155.97641_19.72884,True
1500,-155.97643_19.72997,True
1501,-155.97961_19.73082,True
1502,-155.97955_19.72876,True
1503,-155.97952_19.72971,True
1504,-155.97840_19.73051,True
1505,-155.97846_19.72878,True
1506,-155.97839_19.72969,True
1507,-155.97912_19.73222,True
1508,-155.97912_19.73201,True
1509,-155.97913_19.73162,True
1510,-155.97967_19.73234,True
1511,-155.97969_19.73212,True
1512,-155.97968_19.73192,True
1513,-155.97958_19.73168,True
1514,-155.97980_19.73169,True
1515,-155.97360_19.70523,True
1516,-155.96911_19.70580,True
1517,-155.96701_19.70595,True
1518,-155.98002_19.72842,True
1519,-155.97973_19.72850,True
1520,-155.97965_19.72828,True
1521,-155.97471_19.70476,True
1522,-155.97454_19.70480,True
1523,-155.97450_19.70427,True
1524,-155.97468_19.70427,True
1525,-155.97485_19.70426,True
1526,-155.97460_19.70365,True
1527,-155.96668_19.69406,True
1528,-155.96748_19.70315,True
1529,-155.96794_19.70428,True
1530,-155.96716_19.70474,True
1531,-155.96629_19.70498,True
1532,-155.96569_19.70423,True
1533,-155.96834_19.69300,True
1534,-155.96955_19.69395,True
1535,-155.96919_19.69283,True
1536,-155.96990_19.69254,True
1537,-155.96874_19.69410,True
1538,-155.95251_19.70728,True
1539,-155.96067_19.70608,True
1540,-155.95940_19.70501,True
1541,-155.95599_19.70408,True
1542,-155.95547_19.70517,True
1543,-155.95699_19.70448,True
1544,-155.95402_19.70602,True
1545,-155.98080_19.72996,True
1546,-155.96881_19.68694,True
1547,-155.94996_19.64775,True
1548,-155.95163_19.64817,True
1549,-155.94946_19.64852,True
1550,-155.94934_19.64666,True
1551,-155.94649_19.64648,True
1552,-155.94974_19.64722,True
1553,-155.94706_19.64779,True
1554,-155.94526_19.64909,True
1555,-155.92252_19.62223,True
1556,-155.93465_19.61941,True
1557,-155.94862_19.61366,True
1558,-155.94660_19.61598,True
1559,-155.94458_19.61565,True
1560,-155.94338_19.61588,True
1561,-155.94867_19.61416,True
1562,-155.94846_19.61454,True
1563,-155.94762_19.61514,True
1564,-155.94577_19.61542,True
1565,-155.94875_19.61476,True
1566,-155.94895_19.61309,True
1567,-155.94888_19.61445,True
1568,-155.94839_19.61527,True
1569,-155.94626_19.61395,True
1570,-155.94458_19.61651,True
1571,-155.94336_19.61679,True
1572,-155.94576_19.61493,True
1573,-155.94331_19.61490,True
1574,-155.94865_19.61310,True
1575,-155.94703_19.61593,True
1576,-155.94680_19.61543,True
1577,-155.95157_19.61216,True
1578,-155.95005_19.61456,True
1579,-155.95009_19.61479,True
1580,-155.94958_19.61379,True
1581,-155.95132_19.61270,True
1582,-155.95264_19.61293,True
1583,-155.95235_19.61267,True
1584,-155.95130_19.61391,True
1585,-155.94239_19.58046,True
1586,-155.94262_19.58122,True
1587,-155.94366_19.58286,True
1588,-155.94330_19.58354,True
1589,-155.94376_19.58402,True
1590,-155.94324_19.58541,True
1591,-155.94014_19.58159,True
1592,-155.94503_19.58374,True
1593,-155.94452_19.58459,True
1594,-155.94482_19.58593,True
1595,-155.94464_19.58708,True
1596,-155.94446_19.58808,True
1597,-155.94449_19.58905,True
1598,-155.94498_19.59009,True
1599,-155.94322_19.59163,True
1600,-155.94225_19.59106,True
1601,-155.93821_19.58519,True
1602,-155.93630_19.58487,True
1603,-155.93777_19.58184,True
1604,-155.94257_19.58674,True
1605,-155.94492_19.58427,True
1606,-155.94532_19.58504,True
1607,-155.94860_19.57983,True
1608,-155.94723_19.57997,True
1609,-155.94445_19.58031,True
1610,-155.94844_19.58103,True
1611,-155.94829_19.58206,True
1612,-155.94624_19.58259,True
1613,-155.94579_19.58176,True
1614,-155.94567_19.58115,True
1615,-155.94978_19.58422,True
1616,-155.94650_19.58931,True
1617,-155.94634_19.58891,True
1618,-155.94697_19.58799,True
1619,-155.94695_19.58587,True
1620,-155.94632_19.58376,True
1621,-155.94816_19.58314,True
1622,-155.95218_19.58579,True
1623,-155.95191_19.58519,True
1624,-155.95148_19.58461,True
1625,-155.95122_19.58397,True
1626,-155.95104_19.58298,True
1627,-155.95318_19.58572,True
1628,-155.95312_19.58535,True
1629,-155.95300_19.58500,True
1630,-155.95285_19.58467,True
1631,-155.95249_19.58400,True
1632,-155.95246_19.58366,True
1633,-155.95232_19.58334,True
1634,-155.95233_19.58280,True
1635,-155.95210_19.58224,True
1636,-155.95192_19.58196,True
1637,-155.95174_19.58170,True
1638,-155.95256_19.58618,True
1639,-155.95225_19.58652,True
1640,-155.94848_19.58474,True
1641,-155.94934_19.58614,True
1642,-155.95004_19.58718,True
1643,-155.94403_19.57986,True
1644,-155.93512_19.58243,True
1645,-155.95034_19.58000,True
1646,-155.95025_19.57956,True
1647,-155.95023_19.57915,True
1648,-155.94983_19.57899,True
1649,-155.94971_19.57949,True
1650,-155.94972_19.57980,True
1651,-155.90869_19.51151,True
1652,-155.90898_19.51145,True
1653,-155.90926_19.51137,True
1654,-155.90982_19.51122,True
1655,-155.91010_19.51114,True
1656,-155.91173_19.51059,True
1657,-155.91194_19.51111,True
1658,-155.91108_19.51144,True
1659,-155.91076_19.51153,True
1660,-155.91021_19.51169,True
1661,-155.90994_19.51176,True
1662,-155.90965_19.51184,True
1663,-155.90937_19.51191,True
1664,-155.90909_19.51198,True
1665,-155.91023_19.50736,True
1666,-155.91234_19.50679,True
1667,-155.91336_19.50738,True
1668,-155.91214_19.50507,True
1669,-155.91204_19.50564,True
1670,-155.91174_19.50617,True
1671,-155.89211_19.45658,True
1672,-155.89064_19.45715,True
1673,-155.89074_19.45654,True
1674,-155.89047_19.45624,True
1675,-155.89047_19.45543,True
1676,-155.88557_19.45452,True
1677,-155.88792_19.45460,True
1678,-155.89041_19.45420,True
1679,-155.89059_19.45337,True
1680,-155.89052_19.45297,True
1681,-155.89041_19.45254,True
1682,-155.88976_19.45648,True
1683,-155.89016_19.45681,True
1684,-155.88425_19.45904,True
1685,-155.88743_19.45727,True
1686,-155.88068_19.45817,True
1687,-155.88245_19.45803,True
1688,-155.88095_19.45864,True
1689,-155.88084_19.45952,True
1690,-155.88120_19.45907,True
1691,-155.88154_19.45840,True
1692,-155.88060_19.45886,True
1693,-155.88373_19.44485,True
1694,-155.88351_19.45362,True
1695,-155.88043_19.45568,True
1696,-155.88110_19.45420,True
1697,-155.88022_19.44509,True
1698,-155.88006_19.44581,True
1699,-155.88025_19.44360,True
1700,-155.88129_19.44335,True
1701,-155.88123_19.45668,True
1702,-155.88502_19.45444,True
1703,-155.88072_19.44516,True
1704,-155.88358_19.45536,True
1705,-155.88364_19.45425,True
1706,-155.88499_19.45368,True
1707,-155.88035_19.44542,True
1708,-155.88435_19.45342,True
1709,-155.88146_19.45576,True
1710,-155.87981_19.45986,True
1711,-155.87914_19.46376,True
1712,-155.87814_19.46320,True
1713,-155.87743_19.46316,True
1714,-155.87736_19.46163,True
1715,-155.87497_19.45853,True
1716,-155.87931_19.45850,True
1717,-155.87905_19.45517,True
1718,-155.87663_19.45603,True
1719,-155.87933_19.45577,True
1720,-155.87861_19.45623,True
1721,-155.87889_19.44366,True
1722,-155.87916_19.44451,True
1723,-155.87906_19.44569,True
1724,-155.87953_19.44371,True
1725,-155.87384_19.44649,True
1726,-155.87356_19.44531,True
1727,-155.87911_19.44506,True
1728,-155.76623_19.10249,True
1729,-155.76848_19.10195,True
1730,-155.76514_19.09946,True
1731,-155.77077_19.10004,True
1732,-155.77053_19.10012,True
1733,-155.77004_19.10028,True
1734,-155.76946_19.09944,True
1735,-155.76528_19.09579,True
1736,-155.76656_19.09590,True
1737,-155.76669_19.09623,True
1738,-155.76484_19.09872,True
1739,-155.76741_19.09492,True
1740,-155.76764_19.09555,True
1741,-155.77009_19.09474,True
1742,-155.76687_19.09147,True
1743,-155.76876_19.09105,True
1744,-155.76925_19.09242,True
1745,-155.76705_19.09385,True
1746,-155.76693_19.09238,True
1747,-155.76982_19.09069,True
1748,-155.76994_19.09101,True
1749,-155.77067_19.09302,True
1750,-155.77056_19.09160,True
1751,-155.76282_19.08796,True
1752,-155.76228_19.08907,True
1753,-155.76299_19.08845,True
1754,-155.76313_19.08883,True
1755,-155.76420_19.09090,True
1756,-155.76364_19.09108,True
1757,-155.76236_19.09190,True
1758,-155.76581_19.08796,True
1759,-155.76635_19.08775,True
1760,-155.76663_19.08766,True
1761,-155.76217_19.09474,True
1762,-155.76228_19.09506,True
1763,-155.76256_19.09237,True
1764,-155.76267_19.09269,True
1765,-155.76279_19.09300,True
1766,-155.76456_19.09224,True
1767,-155.76505_19.09433,True
1768,-155.76364_19.09533,True
1769,-155.76341_19.09469,True
1770,-155.76354_19.09844,True
1771,-155.52065_19.14163,True
1772,-155.59339_19.05973,True
1773,-155.51809_19.14181,True
1774,-155.51737_19.14135,True
1775,-155.51725_19.14100,True
1776,-155.51734_19.14056,True
1777,-155.51700_19.14024,True
1778,-155.51887_19.14108,True
1779,-155.51822_19.14130,True
1780,-155.51791_19.14112,True
1781,-155.51816_19.14068,True
1782,-155.51791_19.14054,True
1783,-155.51719_19.13967,True
1784,-156.13656_20.84891,True
1785,-156.13486_20.84612,True
1786,-156.13456_20.84577,True
1787,-156.05183_20.66137,True
1788,-156.63629_20.94903,True
1789,-155.88608_19.45767,True
1790,-155.46803_20.08141,True
1791,-159.36181_22.06867,True
1792,-159.36294_22.06606,True
1793,-159.36173_22.06788,True
1794,-159.33098_22.08632,True
1795,-159.32942_22.08624,True
1796,-159.30661_22.10305,True
1797,-159.31658_22.13729,True
1798,-159.36380_22.06773,True
1799,-159.32482_22.08178,True
1800,-159.50399_21.93054,True
1801,-159.45957_21.90987,True
1802,-159.46092_21.90893,True
1803,-159.46337_21.91170,True
1804,-159.35959_22.06905,True
1805,-159.36014_22.06819,True
1806,-159.32908_22.08126,True
1807,-159.32827_22.08410,True
1808,-159.36273_22.06695,True
1809,-159.35833_22.06781,True
1810,-159.46613_21.91187,True
1811,-159.36169_22.06920,True
1812,-159.33231_22.08524,True
1813,-159.32493_22.08131,True
1814,-159.35902_22.06795,True
1815,-159.52553_21.93716,True
1816,-159.50352_21.92602,True
1817,-159.46385_21.90968,True
1818,-159.46316_21.90963,True
1819,-159.36043_22.06880,True
1820,-159.36120_22.06840,True
1821,-159.35974_22.06866,True
1822,-159.36207_22.07015,True
1823,-159.32996_22.08244,True
1824,-159.46438_21.91175,True
1825,-159.36227_22.06932,True
1826,-159.30507_22.10167,True
1827,-159.30633_22.10236,True
1828,-159.50330_21.92681,True
1829,-159.35833_22.06821,True
1830,-159.50430_21.92570,True
1831,-159.36010_22.06874,True
1832,-159.36076_22.06886,True
1833,-159.31678_22.13470,True
1834,-159.30684_22.10416,True
1835,-159.35352_22.19693,True
1836,-159.46569_21.91196,True
1837,-159.36265_22.06733,True
1838,-159.32831_22.08647,True
1839,-159.32786_22.08623,True
1840,-159.32604_22.08478,True
1841,-159.32460_22.08236,True
1842,-159.32734_22.08332,True
1843,-159.30584_22.10261,True
1844,-159.36219_22.06741,True
1845,-159.32960_22.08189,True
1846,-159.36050_22.06826,True
1847,-159.36392_22.06564,True
1848,-159.36233_22.06905,True
1849,-159.36025_22.06388,True
1850,-159.50404_21.92984,True
1851,-159.46259_21.90939,True
1852,-159.36367_22.06609,True
1853,-159.36220_22.06960,True
1854,-159.32527_22.08537,True
1855,-159.36429_22.06849,True
1856,-159.32728_22.08512,True
1857,-159.34758_22.06148,True
1858,-159.35851_22.06925,True
1859,-159.36187_22.06844,True
1860,-159.32661_22.08163,True
1861,-159.30647_22.10253,True
1862,-159.30928_22.13676,True
1863,-159.46006_21.90994,True
1864,-159.36370_22.06661,True
1865,-159.32680_22.08592,True
1866,-159.32916_22.08233,True
1867,-159.30614_22.10225,True
1868,-159.32646_22.08502,True
1869,-159.32755_22.08170,True
1870,-159.32885_22.08300,True
1871,-159.31986_22.13460,True
1872,-159.32845_22.08256,True
1873,-156.51562_20.90680,True
1874,-156.51005_20.91484,True
1875,-156.51072_20.91514,True
1876,-156.51303_20.91280,True
1877,-156.51335_20.91249,True
1878,-156.28427_20.92128,True
1879,-156.28349_20.92416,True
1880,-156.28393_20.91114,True
1881,-156.28375_20.91033,True
1882,-156.28713_20.92434,True
1883,-156.51263_20.91389,True
1884,-156.32394_20.90616,True
1885,-156.32043_20.90088,True
1886,-156.32259_20.90621,True
1887,-156.28166_20.90337,True
1888,-156.28150_20.90481,True
1889,-156.27824_20.90154,True
1890,-156.27799_20.89658,True
1891,-156.31810_20.88573,True
1892,-156.30262_20.84005,True
1893,-156.32102_20.89405,True
1894,-156.32001_20.89254,True
1895,-156.31961_20.89212,True
1896,-156.28176_20.90913,True
1897,-156.28300_20.90721,True
1898,-156.28329_20.91303,True
1899,-156.28605_20.91789,True
1900,-156.30981_20.88347,True
1901,-156.31097_20.88268,True
1902,-156.31255_20.88468,True
1903,-156.31153_20.88473,True
1904,-156.31626_20.88263,True
1905,-156.31335_20.88329,True
1906,-156.31358_20.88413,True
1907,-156.31411_20.88378,True
1908,-156.31203_20.88521,True
1909,-156.32128_20.88206,True
1910,-156.32019_20.88242,True
1911,-156.31920_20.88274,True
1912,-156.32014_20.87912,True
1913,-156.27994_20.90101,True
1914,-156.27919_20.90017,True
1915,-156.27894_20.89757,True
1916,-156.27905_20.89702,True
1917,-156.28080_20.89984,True
1918,-156.31857_20.87946,True
1919,-156.31848_20.88029,True
1920,-156.31626_20.87933,True
1921,-156.28524_20.91461,True
1922,-156.28328_20.91214,True
1923,-156.28396_20.91444,True
1924,-156.28207_20.90584,True
1925,-156.51761_20.94245,True
1926,-156.51775_20.94303,True
1927,-156.52740_20.88271,True
1928,-156.51317_20.86083,True
1929,-156.52016_20.94310,True
1930,-156.51699_20.94585,True
1931,-156.51472_20.87140,True
1932,-156.51496_20.87082,True
1933,-156.51498_20.86945,True
1934,-156.53352_20.88367,True
1935,-156.51110_20.85650,True
1936,-156.51557_20.87474,True
1937,-156.51701_20.87338,True
1938,-156.51757_20.87331,True
1939,-156.51755_20.87395,True
1940,-156.52088_20.88305,True
1941,-156.52096_20.88245,True
1942,-156.52721_20.88333,True
1943,-156.52813_20.88280,True
1944,-156.52600_20.88265,True
1945,-156.51653_20.87494,True
1946,-156.51744_20.87566,True
1947,-156.51819_20.87654,True
1948,-156.51813_20.87416,True
1949,-156.31925_20.88132,True
1950,-156.51570_20.87003,True
1951,-156.51561_20.87065,True
1952,-156.53379_20.88363,True
1953,-156.65511_20.89202,True
1954,-156.28244_20.91367,True
1955,-156.51409_20.86224,True
1956,-156.50851_20.90105,True
1957,-156.51230_20.90106,True
1958,-156.51299_20.90124,True
1959,-156.51867_20.88642,True
1960,-156.51610_20.88847,True
1961,-156.51660_20.88757,True
1962,-156.51011_20.89088,True
1963,-156.51057_20.89052,True
1964,-156.51278_20.89010,True
1965,-156.33487_20.88151,True
1966,-156.33553_20.88237,True
1967,-156.33769_20.88272,True
1968,-157.91481_21.61242,True
1969,-158.12572_21.56217,True
1970,-158.11322_21.55270,True
1971,-157.90843_21.39105,True
1972,-154.96059_19.51160,True
1973,-154.96029_19.50900,True
1974,-154.92596_19.52187,True
1975,-154.94777_19.51000,True
1976,-155.00592_19.51295,True
1977,-155.00535_19.51199,True
1978,-155.03907_19.62956,True
1979,-155.03907_19.63013,True
1980,-155.03801_19.62970,True
1981,-155.04933_19.60655,True
1982,-155.10305_19.55623,True
1983,-155.10938_19.55248,True
1984,-155.10704_19.65392,True
1985,-155.10559_19.65367,True
1986,-155.08583_19.67025,True
1987,-155.08799_19.67061,True
1988,-155.09431_19.67311,True
1989,-155.09517_19.67330,True
1990,-155.12582_19.89010,True
1991,-155.14965_19.86801,True
1992,-155.14612_19.87479,True
1993,-155.24579_19.96035,True
1994,-155.47735_20.06733,True
1995,-155.47284_20.07636,True
1996,-155.82289_20.21450,True
1997,-155.82640_20.22124,True
1998,-155.65919_20.02829,True
1999,-155.66140_20.02835,True
2000,-155.66248_20.02666,True
2001,-155.65874_20.02582,True
2002,-155.83397_19.81969,True
2003,-155.83572_19.81971,True
2004,-155.83495_19.81978,True
2005,-155.97427_19.75588,True
2006,-155.97089_19.75041,True
2007,-155.97945_19.72876,True
2008,-155.96691_19.70595,True
2009,-155.96658_19.69406,True
2010,-155.96784_19.70428,True
2011,-155.96619_19.70498,True
2012,-155.96909_19.69283,True
2013,-155.96980_19.69254,True
2014,-155.95537_19.70517,True
2015,-155.96871_19.68694,True
2016,-155.95153_19.64817,True
2017,-155.94936_19.64852,True
2018,-155.94516_19.64909,True
2019,-155.93455_19.61941,True
2020,-155.94448_19.61565,True
2021,-155.94567_19.61542,True
2022,-155.94878_19.61445,True
2023,-155.94326_19.61679,True
2024,-155.94321_19.61490,True
2025,-155.94855_19.61310,True
2026,-155.94819_19.58206,True
2027,-155.94624_19.58891,True
2028,-155.95094_19.58298,True
2029,-155.95239_19.58400,True
2030,-155.94393_19.57986,True
2031,-155.95015_19.57956,True
2032,-155.90888_19.51145,True
2033,-155.91011_19.51169,True
2034,-155.91164_19.50617,True
2035,-155.89049_19.45337,True
2036,-155.88733_19.45727,True
2037,-155.88144_19.45840,True
2038,-155.88033_19.45568,True
2039,-155.88425_19.45342,True
2040,-155.87733_19.46316,True
2041,-155.87653_19.45603,True
2042,-155.87851_19.45623,True
2043,-155.76474_19.09872,True
2044,-155.76218_19.08907,True
2045,-159.36157_22.06975,True
2046,-159.36177_22.06975,True
2047,-159.36318_22.06538,True
2048,-159.36338_22.06538,True
2049,-159.32543_22.08172,True
2050,-159.32563_22.08172,True
2051,-159.46274_21.90879,True
2052,-159.46294_21.90879,True
2053,-159.37859_22.10502,True
2054,-159.32681_22.08363,True
2055,-159.32701_22.08363,True
2056,-159.36297_22.06277,True
2057,-159.36317_22.06277,True
2058,-159.36648_22.06683,True
2059,-159.32632_22.08183,True
2060,-159.32652_22.08183,True
2061,-159.35966_22.06485,True
2062,-159.35986_22.06485,True
2063,-159.30664_22.10349,True
2064,-159.30684_22.10349,True
2065,-159.36266_22.06406,True
2066,-159.36286_22.06406,True
2067,-159.46217_21.91271,True
2068,-159.46237_21.91271,True
2069,-159.35516_22.19435,True
2070,-159.35536_22.19435,True
2071,-159.30675_22.10391,True
2072,-159.30695_22.10391,True
2073,-156.54045_20.97499,True
2074,-156.54065_20.97499,True
2075,-156.28129_20.90224,True
2076,-156.28149_20.90224,True
2077,-156.30469_20.84494,True
2078,-156.30489_20.84494,True
2079,-156.28107_20.90047,True
2080,-156.28127_20.90047,True
2081,-156.28519_20.92182,True
2082,-156.28539_20.92182,True
2083,-156.51778_20.94514,True
2084,-156.51798_20.94514,True
2085,-155.10526_19.65215,True
2086,-155.10546_19.65215,True
2087,-155.13306_19.83730,True
2088,-155.13326_19.83730,True
2089,-155.13002_19.88724,True
2090,-155.13022_19.88724,True
2091,-155.47314_20.06976,True
2092,-155.47334_20.06976,True
2093,-155.46631_20.07985,True
2094,-155.46651_20.07985,True
2095,-155.46864_20.08089,True
2096,-155.46884_20.08089,True
2097,-155.82366_20.21980,True
2098,-155.82386_20.21980,True
2099,-155.83805_19.81948,True
2100,-155.83825_19.81948,True
2101,-155.97942_19.72971,True
2102,-155.97962_19.72971,True
2103,-155.96824_19.69300,True
2104,-155.96844_19.69300,True
2105,-155.96057_19.70608,True
2106,-155.96077_19.70608,True
2107,-155.94986_19.64775,True
2108,-155.95006_19.64775,True
2109,-155.94857_19.61416,True
2110,-155.94877_19.61416,True
2111,-155.94566_19.61493,True
2112,-155.94586_19.61493,True
2113,-155.88100_19.45420,True
2114,-155.88120_19.45420,True
2115,-155.88492_19.45444,True
2116,-155.88512_19.45444,True
2117,-159.42231_22.18663,True
2118,-159.42251_22.18663,True
2119,-159.42241_22.18673,True
2120,-159.32881_22.08546,True
2121,-159.32901_22.08546,True
2122,-159.32891_22.08556,True
2123,-159.36103_22.06310,True
2124,-159.36123_22.06310,True
2125,-159.36113_22.06320,True
2126,-159.50396_21.92421,True
2127,-159.50416_21.92421,True
2128,-159.50406_21.92431,True
2129,-156.32196_20.90516,True
2130,-156.32216_20.90516,True
2131,-156.32206_20.90526,True
2132,-157.89331_21.58220,True
2133,-157.89351_21.58220,True
2134,-157.89341_21.58230,True
2135,-154.95996_19.51110,True
2136,-154.96016_19.51110,True
2137,-154.96006_19.51120,True
2138,-155.47399_20.08038,True
2139,-155.47419_20.08038,True
2140,-155.47409_20.08048,True
2141,-155.82533_20.23221,True
2142,-155.82553_20.23221,True
2143,-155.82543_20.23231,True
2144,-155.94507_19.64829,True
2145,-159.43468_22.18528,True
2146,-159.43488_22.18528,True
2147,-159.43478_22.18538,True
2148,-159.43478_22.18518,True
2149,-159.34771_22.06112,True
2150,-159.34791_22.06112,True
2151,-159.34781_22.06122,True
2152,-159.34781_22.06102,True
2153,-155.46609_20.08032,True
2154,-155.46629_20.08032,True
2155,-155.46619_20.08042,True
2156,-155.46619_20.08022,True
2157,-156.63619_20.94903,True
2158,-156.63639_20.94903,True
2159,-156.63629_20.94913,True
2160,-156.63629_20.94893,True
2161,-155.82659_20.23539,True
2162,-155.82659_20.23549,True
2163,-155.88136_19.45576,True
2164,-155.88156_19.45576,True
2165,-155.88146_19.45586,True
2166,-155.88146_19.45566,True
2167,-155.88136_19.45586,True
2168,-155.88136_19.45566,True
2169,-155.94837_19.76392,True
2170,-155.94645_19.76426,True
