,FID,TMK,OSDS_QTY,CLASS_I,CLASS_II,CLASS_III,CLASS_IV,EFFLUENT,N_FLUX,P_FLUX,SOURCE,NO_STRUCT,TTL_BDRMS,NO_BATH,X,Y,Island,OSDS_TYP,B_ROOMS,BATHS,Class_type,commercial,type,OSDS_QTY_calc
0,0,186006001,21.0,0.0,0.0,0.0,0.0,14824.0,3.185974,0.200658, ,0.0,0.0,0.0,-158.150145493,21.4425027002,Oahu, ,0.0,0.0, , , ,0.0
1,1,186006001,21.0,0.0,0.0,0.0,0.0,14824.0,3.185974,0.200658, ,0.0,0.0,0.0,-158.150088955,21.4422976382,Oahu, ,0.0,0.0, , , ,0.0
2,2,186006001,21.0,0.0,0.0,0.0,0.0,14824.0,3.185974,0.200658, ,0.0,0.0,0.0,-158.150329285,21.4426010061,Oahu, ,0.0,0.0, , , ,0.0
3,3,186006001,21.0,0.0,0.0,0.0,0.0,14824.0,3.185974,0.200658, ,0.0,0.0,0.0,-158.150526277,21.4424867507,Oahu, ,0.0,0.0, , , ,0.0
4,4,186006001,21.0,0.0,0.0,0.0,0.0,14824.0,3.185974,0.200658, ,0.0,0.0,0.0,-158.150522337,21.4423094577,Oahu, ,0.0,0.0, , , ,0.0
5,5,186006001,21.0,0.0,0.0,0.0,0.0,14824.0,3.185974,0.200658, ,0.0,0.0,0.0,-158.150995119,21.4421833827,Oahu, ,0.0,0.0, , , ,0.0
6,6,186006001,21.0,0.0,0.0,0.0,0.0,14824.0,3.185974,0.200658, ,0.0,0.0,0.0,-158.151176351,21.4421045859,Oahu, ,0.0,0.0, , , ,0.0
7,7,186006001,21.0,0.0,0.0,0.0,0.0,14824.0,3.185974,0.200658, ,0.0,0.0,0.0,-158.151928861,21.4419863906,Oahu, ,0.0,0.0, , , ,0.0
8,8,186006001,21.0,0.0,0.0,0.0,0.0,14824.0,3.185974,0.200658, ,0.0,0.0,0.0,-158.15221253,21.4419548718,Oahu, ,0.0,0.0, , , ,0.0
9,9,186006001,21.0,0.0,0.0,0.0,0.0,14824.0,3.185974,0.200658, ,0.0,0.0,0.0,-158.152771988,21.4422109616,Oahu, ,0.0,0.0, , , ,0.0
10,10,186006001,21.0,0.0,0.0,0.0,0.0,14824.0,3.185974,0.200658, ,0.0,0.0,0.0,-158.152941401,21.4422976382,Oahu, ,0.0,0.0, , , ,0.0
11,11,186006001,21.0,0.0,0.0,0.0,0.0,14824.0,3.185974,0.200658, ,0.0,0.0,0.0,-158.153102935,21.442226721,Oahu, ,0.0,0.0, , , ,0.0
12,12,186006001,21.0,0.0,0.0,0.0,0.0,14824.0,3.185974,0.200658, ,0.0,0.0,0.0,-158.153268408,21.4420888265,Oahu, ,0.0,0.0, , , ,0.0
13,13,186006001,21.0,0.0,0.0,0.0,0.0,14824.0,3.185974,0.200658, ,0.0,0.0,0.0,-158.153276288,21.4423488561,Oahu, ,0.0,0.0, , , ,0.0
14,14,186006001,21.0,0.0,0.0,0.0,0.0,14824.0,3.185974,0.200658, ,0.0,0.0,0.0,-158.1534654,21.4423449163,Oahu, ,0.0,0.0, , , ,0.0
15,15,186006001,21.0,0.0,0.0,0.0,0.0,14824.0,3.185974,0.200658, ,0.0,0.0,0.0,-158.153552077,21.4421715632,Oahu, ,0.0,0.0, , , ,0.0
16,16,186006001,21.0,0.0,0.0,0.0,0.0,14824.0,3.185974,0.200658, ,0.0,0.0,0.0,-158.15348116,21.4420179093,Oahu, ,0.0,0.0, , , ,0.0
17,17,186006001,21.0,0.0,0.0,0.0,0.0,14824.0,3.185974,0.200658, ,0.0,0.0,0.0,-158.151152712,21.4419863906,Oahu, ,0.0,0.0, , , ,0.0
18,18,186006001,21.0,0.0,0.0,0.0,0.0,14824.0,3.185974,0.200658, ,0.0,0.0,0.0,-158.150943901,21.442025789,Oahu, ,0.0,0.0, , , ,0.0
19,19,186006001,21.0,0.0,0.0,0.0,0.0,14824.0,3.185974,0.200658, ,0.0,0.0,0.0,-158.152157372,21.4418445562,Oahu, ,0.0,0.0, , , ,0.0
20,20,186006001,21.0,0.0,0.0,0.0,0.0,14824.0,3.185974,0.200658, ,0.0,0.0,0.0,-158.151861884,21.4418878945,Oahu, ,0.0,0.0, , , ,0.0
21,0,186006002,11.0,0.0,0.0,0.0,0.0,7672.0,1.937738,0.295802, ,0.0,0.0,0.0,-158.155374009,21.4407823798,Oahu, ,0.0,0.0, , , ,0.0
22,1,186006002,11.0,0.0,0.0,0.0,0.0,7672.0,1.937738,0.295802, ,0.0,0.0,0.0,-158.154808306,21.4399743213,Oahu, ,0.0,0.0, , , ,0.0
23,2,186006002,11.0,0.0,0.0,0.0,0.0,7672.0,1.937738,0.295802, ,0.0,0.0,0.0,-158.155314803,21.4399260835,Oahu, ,0.0,0.0, , , ,0.0
24,3,186006002,11.0,0.0,0.0,0.0,0.0,7672.0,1.937738,0.295802, ,0.0,0.0,0.0,-158.155686234,21.4402878672,Oahu, ,0.0,0.0, , , ,0.0
25,4,186006002,11.0,0.0,0.0,0.0,0.0,7672.0,1.937738,0.295802, ,0.0,0.0,0.0,-158.156240969,21.4397717225,Oahu, ,0.0,0.0, , , ,0.0
26,5,186006002,11.0,0.0,0.0,0.0,0.0,7672.0,1.937738,0.295802, ,0.0,0.0,0.0,-158.15610108,21.4396511279,Oahu, ,0.0,0.0, , , ,0.0
27,6,186006002,11.0,0.0,0.0,0.0,0.0,7672.0,1.937738,0.295802, ,0.0,0.0,0.0,-158.156786057,21.4395642998,Oahu, ,0.0,0.0, , , ,0.0
28,7,186006002,11.0,0.0,0.0,0.0,0.0,7672.0,1.937738,0.295802, ,0.0,0.0,0.0,-158.156708876,21.4398585505,Oahu, ,0.0,0.0, , , ,0.0
29,8,186006002,11.0,0.0,0.0,0.0,0.0,7672.0,1.937738,0.295802, ,0.0,0.0,0.0,-158.156945242,21.4401286824,Oahu, ,0.0,0.0, , , ,0.0
30,9,186006002,11.0,0.0,0.0,0.0,0.0,7672.0,1.937738,0.295802, ,0.0,0.0,0.0,-158.156704053,21.4400949159,Oahu, ,0.0,0.0, , , ,0.0
31,10,186006002,11.0,0.0,0.0,0.0,0.0,7672.0,1.937738,0.295802, ,0.0,0.0,0.0,-158.156650991,21.4403216337,Oahu, ,0.0,0.0, , , ,0.0
32,0,213006009,13.0,0.0,1.0,0.0,-13.0,3200.0,0.732776,0.199848,Cesspool Database,1.0,16.0,1.0,-155.996164769,20.7824844581,Maui, ,0.0,0.0, , ,0,-12.0
33,0,217004004,10.0,0.0,0.0,0.0,10.0,5400.0,1.2365595,0.3372435,Dwelling Database,1.0,27.0,2.0,-156.148404367,20.6517474968,Maui, ,0.0,0.0, , ,0,10.0
34,0,225004007,17.0,15.0,2.0,0.0,0.0,14400.0,0.278932,0.179543,Dwelling Database,1.0,72.0,2.0,-156.345101484,20.8859585225,Maui, ,0.0,0.0, , , ,17.0
35,1,225004007,17.0,15.0,2.0,0.0,0.0,14400.0,0.278932,0.179543,Dwelling Database,1.0,72.0,2.0,-156.345043009,20.8860653008,Maui, ,0.0,0.0, , , ,17.0
36,2,225004007,17.0,15.0,2.0,0.0,0.0,14400.0,0.278932,0.179543,Dwelling Database,1.0,72.0,2.0,-156.345048957,20.8861991455,Maui, ,0.0,0.0, , , ,17.0
37,3,225004007,17.0,15.0,2.0,0.0,0.0,14400.0,0.278932,0.179543,Dwelling Database,1.0,72.0,2.0,-156.345072752,20.8863091955,Maui, ,0.0,0.0, , , ,17.0
38,4,225004007,17.0,15.0,2.0,0.0,0.0,14400.0,0.278932,0.179543,Dwelling Database,1.0,72.0,2.0,-156.344805063,20.8861634536,Maui, ,0.0,0.0, , , ,17.0
39,5,225004007,17.0,15.0,2.0,0.0,0.0,14400.0,0.278932,0.179543,Dwelling Database,1.0,72.0,2.0,-156.344861575,20.8865441673,Maui, ,0.0,0.0, , , ,17.0
40,6,225004007,17.0,15.0,2.0,0.0,0.0,14400.0,0.278932,0.179543,Dwelling Database,1.0,72.0,2.0,-156.34483778,20.8866423201,Maui, ,0.0,0.0, , , ,17.0
41,7,225004007,17.0,15.0,2.0,0.0,0.0,14400.0,0.278932,0.179543,Dwelling Database,1.0,72.0,2.0,-156.34494783,20.8868683689,Maui, ,0.0,0.0, , , ,17.0
42,8,225004007,17.0,15.0,2.0,0.0,0.0,14400.0,0.278932,0.179543,Dwelling Database,1.0,72.0,2.0,-156.34587582,20.8867642675,Maui, ,0.0,0.0, , , ,17.0
43,9,225004007,17.0,15.0,2.0,0.0,0.0,14400.0,0.278932,0.179543,Dwelling Database,1.0,72.0,2.0,-156.34558731,20.8866988323,Maui, ,0.0,0.0, , , ,17.0
44,10,225004007,17.0,15.0,2.0,0.0,0.0,14400.0,0.278932,0.179543,Dwelling Database,1.0,72.0,2.0,-156.345352339,20.8867910364,Maui, ,0.0,0.0, , , ,17.0
45,11,225004007,17.0,15.0,2.0,0.0,0.0,14400.0,0.278932,0.179543,Dwelling Database,1.0,72.0,2.0,-156.345408851,20.8869486757,Maui, ,0.0,0.0, , , ,17.0
46,12,225004007,17.0,15.0,2.0,0.0,0.0,14400.0,0.278932,0.179543,Dwelling Database,1.0,72.0,2.0,-156.345310698,20.8869278554,Maui, ,0.0,0.0, , , ,17.0
47,13,225004007,17.0,15.0,2.0,0.0,0.0,14400.0,0.278932,0.179543,Dwelling Database,1.0,72.0,2.0,-156.345200648,20.8869040608,Maui, ,0.0,0.0, , , ,17.0
48,14,225004007,17.0,15.0,2.0,0.0,0.0,14400.0,0.278932,0.179543,Dwelling Database,1.0,72.0,2.0,-156.345269057,20.8870617001,Maui, ,0.0,0.0, , , ,17.0
49,15,225004007,17.0,15.0,2.0,0.0,0.0,14400.0,0.278932,0.179543,Dwelling Database,1.0,72.0,2.0,-156.345402902,20.8872639543,Maui, ,0.0,0.0, , , ,17.0
50,16,225004007,17.0,15.0,2.0,0.0,0.0,14400.0,0.278932,0.179543,Dwelling Database,1.0,72.0,2.0,-156.34565572,20.8873264151,Maui, ,0.0,0.0, , , ,17.0
51,0,231001028,12.0,4.0,8.0,0.0,0.0,7400.0,0.663889,0.255866,Dwelling Database,1.0,37.0,1.0,-156.534276948,20.9537368108,Maui, ,0.0,0.0, , , ,12.0
52,1,231001028,12.0,4.0,8.0,0.0,0.0,7400.0,0.663889,0.255866,Dwelling Database,1.0,37.0,1.0,-156.535035948,20.9535759694,Maui, ,0.0,0.0, , , ,12.0
53,2,231001028,12.0,4.0,8.0,0.0,0.0,7400.0,0.663889,0.255866,Dwelling Database,1.0,37.0,1.0,-156.534549335,20.9535678592,Maui, ,0.0,0.0, , , ,12.0
54,3,231001028,12.0,4.0,8.0,0.0,0.0,7400.0,0.663889,0.255866,Dwelling Database,1.0,37.0,1.0,-156.534589886,20.9539733696,Maui, ,0.0,0.0, , , ,12.0
55,4,231001028,12.0,4.0,8.0,0.0,0.0,7400.0,0.663889,0.255866,Dwelling Database,1.0,37.0,1.0,-156.535409017,20.9549384844,Maui, ,0.0,0.0, , , ,12.0
56,5,231001028,12.0,4.0,8.0,0.0,0.0,7400.0,0.663889,0.255866,Dwelling Database,1.0,37.0,1.0,-156.534103274,20.9548006109,Maui, ,0.0,0.0, , , ,12.0
57,6,231001028,12.0,4.0,8.0,0.0,0.0,7400.0,0.663889,0.255866,Dwelling Database,1.0,37.0,1.0,-156.53278942,20.9558306073,Maui, ,0.0,0.0, , , ,12.0
58,7,231001028,12.0,4.0,8.0,0.0,0.0,7400.0,0.663889,0.255866,Dwelling Database,1.0,37.0,1.0,-156.533235481,20.955465648,Maui, ,0.0,0.0, , , ,12.0
59,8,231001028,12.0,4.0,8.0,0.0,0.0,7400.0,0.663889,0.255866,Dwelling Database,1.0,37.0,1.0,-156.534695319,20.9551412396,Maui, ,0.0,0.0, , , ,12.0
60,9,231001028,12.0,4.0,8.0,0.0,0.0,7400.0,0.663889,0.255866,Dwelling Database,1.0,37.0,1.0,-156.533600441,20.9550682477,Maui, ,0.0,0.0, , , ,12.0
61,10,231001028,12.0,4.0,8.0,0.0,0.0,7400.0,0.663889,0.255866,Dwelling Database,1.0,37.0,1.0,-156.533811306,20.9538517165,Maui, ,0.0,0.0, , , ,12.0
62,11,231001028,12.0,4.0,8.0,0.0,0.0,7400.0,0.663889,0.255866,Dwelling Database,1.0,37.0,1.0,-156.535368466,20.9548330517,Maui, ,0.0,0.0, , , ,12.0
63,0,247003001,15.0,15.0,0.0,0.0,0.0,11200.0,0.042392,0.084784,IWS Database,2.0,56.0,3.0,-156.658584193,20.8635362018,Maui, ,0.0,0.0, , , ,15.0
64,1,247003001,15.0,15.0,0.0,0.0,0.0,11200.0,0.042392,0.084784,IWS Database,2.0,56.0,3.0,-156.658494494,20.8635571135,Maui, ,0.0,0.0, , , ,15.0
65,2,247003001,15.0,15.0,0.0,0.0,0.0,11200.0,0.042392,0.084784,IWS Database,2.0,56.0,3.0,-156.658544825,20.8634835526,Maui, ,0.0,0.0, , , ,15.0
66,3,247003001,15.0,15.0,0.0,0.0,0.0,11200.0,0.042392,0.084784,IWS Database,2.0,56.0,3.0,-156.658471264,20.8634990391,Maui, ,0.0,0.0, , , ,15.0
67,4,247003001,15.0,15.0,0.0,0.0,0.0,11200.0,0.042392,0.084784,IWS Database,2.0,56.0,3.0,-156.657329134,20.8639791209,Maui, ,0.0,0.0, , , ,15.0
68,5,247003001,15.0,15.0,0.0,0.0,0.0,11200.0,0.042392,0.084784,IWS Database,2.0,56.0,3.0,-156.65724783,20.8639752492,Maui, ,0.0,0.0, , , ,15.0
69,6,247003001,15.0,15.0,0.0,0.0,0.0,11200.0,0.042392,0.084784,IWS Database,2.0,56.0,3.0,-156.657174269,20.8639016883,Maui, ,0.0,0.0, , , ,15.0
70,7,247003001,15.0,15.0,0.0,0.0,0.0,11200.0,0.042392,0.084784,IWS Database,2.0,56.0,3.0,-156.657220728,20.8638436139,Maui, ,0.0,0.0, , , ,15.0
71,8,247003001,15.0,15.0,0.0,0.0,0.0,11200.0,0.042392,0.084784,IWS Database,2.0,56.0,3.0,-156.657127809,20.8638358707,Maui, ,0.0,0.0, , , ,15.0
72,9,247003001,15.0,15.0,0.0,0.0,0.0,11200.0,0.042392,0.084784,IWS Database,2.0,56.0,3.0,-156.657131681,20.8637739246,Maui, ,0.0,0.0, , , ,15.0
73,10,247003001,15.0,15.0,0.0,0.0,0.0,11200.0,0.042392,0.084784,IWS Database,2.0,56.0,3.0,-156.657123938,20.8635571135,Maui, ,0.0,0.0, , , ,15.0
74,11,247003001,15.0,15.0,0.0,0.0,0.0,11200.0,0.042392,0.084784,IWS Database,2.0,56.0,3.0,-156.657193627,20.863510654,Maui, ,0.0,0.0, , , ,15.0
75,12,247003001,15.0,15.0,0.0,0.0,0.0,11200.0,0.042392,0.084784,IWS Database,2.0,56.0,3.0,-156.657263316,20.8634641944,Maui, ,0.0,0.0, , , ,15.0
76,13,247003001,15.0,15.0,0.0,0.0,0.0,11200.0,0.042392,0.084784,IWS Database,2.0,56.0,3.0,-156.657185884,20.8633364307,Maui, ,0.0,0.0, , , ,15.0
77,14,247003001,15.0,15.0,0.0,0.0,0.0,11200.0,0.042392,0.084784,IWS Database,2.0,56.0,3.0,-156.657100708,20.8634138633,Maui, ,0.0,0.0, , , ,15.0
78,0,247009035,27.0,27.0,0.0,0.0,0.0,18000.0,0.06813,0.13626,Dwelling Database,1.0,90.0,4.0,-156.637829912,20.8439456458,Maui, ,0.0,0.0, , , ,27.0
79,1,247009035,27.0,27.0,0.0,0.0,0.0,18000.0,0.06813,0.13626,Dwelling Database,1.0,90.0,4.0,-156.63776976,20.8439564281,Maui, ,0.0,0.0, , , ,27.0
80,2,247009035,27.0,27.0,0.0,0.0,0.0,18000.0,0.06813,0.13626,Dwelling Database,1.0,90.0,4.0,-156.63781259,20.8438898032,Maui, ,0.0,0.0, , , ,27.0
81,3,247009035,27.0,27.0,0.0,0.0,0.0,18000.0,0.06813,0.13626,Dwelling Database,1.0,90.0,4.0,-156.637755483,20.8439064594,Maui, ,0.0,0.0, , , ,27.0
82,4,247009035,27.0,27.0,0.0,0.0,0.0,18000.0,0.06813,0.13626,Dwelling Database,1.0,90.0,4.0,-156.637791175,20.8438255578,Maui, ,0.0,0.0, , , ,27.0
83,5,247009035,27.0,27.0,0.0,0.0,0.0,18000.0,0.06813,0.13626,Dwelling Database,1.0,90.0,4.0,-156.637748344,20.8437946248,Maui, ,0.0,0.0, , , ,27.0
84,6,247009035,27.0,27.0,0.0,0.0,0.0,18000.0,0.06813,0.13626,Dwelling Database,1.0,90.0,4.0,-156.637688858,20.8438041426,Maui, ,0.0,0.0, , , ,27.0
85,7,247009035,27.0,27.0,0.0,0.0,0.0,18000.0,0.06813,0.13626,Dwelling Database,1.0,90.0,4.0,-156.637631751,20.8438184194,Maui, ,0.0,0.0, , , ,27.0
86,8,247009035,27.0,27.0,0.0,0.0,0.0,18000.0,0.06813,0.13626,Dwelling Database,1.0,90.0,4.0,-156.637665063,20.8438660086,Maui, ,0.0,0.0, , , ,27.0
87,9,247009035,27.0,27.0,0.0,0.0,0.0,18000.0,0.06813,0.13626,Dwelling Database,1.0,90.0,4.0,-156.63772217,20.8438660086,Maui, ,0.0,0.0, , , ,27.0
88,10,247009035,27.0,27.0,0.0,0.0,0.0,18000.0,0.06813,0.13626,Dwelling Database,1.0,90.0,4.0,-156.637893492,20.8437208615,Maui, ,0.0,0.0, , , ,27.0
89,11,247009035,27.0,27.0,0.0,0.0,0.0,18000.0,0.06813,0.13626,Dwelling Database,1.0,90.0,4.0,-156.637933942,20.8438493524,Maui, ,0.0,0.0, , , ,27.0
90,12,247009035,27.0,27.0,0.0,0.0,0.0,18000.0,0.06813,0.13626,Dwelling Database,1.0,90.0,4.0,-156.638074331,20.8436899285,Maui, ,0.0,0.0, , , ,27.0
91,13,247009035,27.0,27.0,0.0,0.0,0.0,18000.0,0.06813,0.13626,Dwelling Database,1.0,90.0,4.0,-156.63816475,20.8436185447,Maui, ,0.0,0.0, , , ,27.0
92,14,247009035,27.0,27.0,0.0,0.0,0.0,18000.0,0.06813,0.13626,Dwelling Database,1.0,90.0,4.0,-156.638060054,20.8435424019,Maui, ,0.0,0.0, , , ,27.0
93,15,247009035,27.0,27.0,0.0,0.0,0.0,18000.0,0.06813,0.13626,Dwelling Database,1.0,90.0,4.0,-156.63811954,20.8435257457,Maui, ,0.0,0.0, , , ,27.0
94,16,247009035,27.0,27.0,0.0,0.0,0.0,18000.0,0.06813,0.13626,Dwelling Database,1.0,90.0,4.0,-156.638183786,20.8434924332,Maui, ,0.0,0.0, , , ,27.0
95,17,247009035,27.0,27.0,0.0,0.0,0.0,18000.0,0.06813,0.13626,Dwelling Database,1.0,90.0,4.0,-156.638240893,20.8434519824,Maui, ,0.0,0.0, , , ,27.0
96,18,247009035,27.0,27.0,0.0,0.0,0.0,18000.0,0.06813,0.13626,Dwelling Database,1.0,90.0,4.0,-156.63820758,20.8433853575,Maui, ,0.0,0.0, , , ,27.0
97,19,247009035,27.0,27.0,0.0,0.0,0.0,18000.0,0.06813,0.13626,Dwelling Database,1.0,90.0,4.0,-156.638171889,20.8432687639,Maui, ,0.0,0.0, , , ,27.0
98,20,247009035,27.0,27.0,0.0,0.0,0.0,18000.0,0.06813,0.13626,Dwelling Database,1.0,90.0,4.0,-156.638143335,20.8433924959,Maui, ,0.0,0.0, , , ,27.0
99,21,247009035,27.0,27.0,0.0,0.0,0.0,18000.0,0.06813,0.13626,Dwelling Database,1.0,90.0,4.0,-156.63807671,20.8433591834,Maui, ,0.0,0.0, , , ,27.0
100,22,247009035,27.0,27.0,0.0,0.0,0.0,18000.0,0.06813,0.13626,Dwelling Database,1.0,90.0,4.0,-156.63799105,20.8433901164,Maui, ,0.0,0.0, , , ,27.0
101,23,247009035,27.0,27.0,0.0,0.0,0.0,18000.0,0.06813,0.13626,Dwelling Database,1.0,90.0,4.0,-156.638050536,20.8434472235,Maui, ,0.0,0.0, , , ,27.0
102,0,247010003,16.0,16.0,0.0,0.0,0.0,13800.0,0.052233,0.104466,Dwelling Database,1.0,69.0,2.0,-156.637076925,20.8535411454,Maui, ,0.0,0.0, , , ,16.0
103,1,247010003,16.0,16.0,0.0,0.0,0.0,13800.0,0.052233,0.104466,Dwelling Database,1.0,69.0,2.0,-156.636880541,20.8536715579,Maui, ,0.0,0.0, , , ,16.0
104,2,247010003,16.0,16.0,0.0,0.0,0.0,13800.0,0.052233,0.104466,Dwelling Database,1.0,69.0,2.0,-156.636835331,20.8536144508,Maui, ,0.0,0.0, , , ,16.0
105,3,247010003,16.0,16.0,0.0,0.0,0.0,13800.0,0.052233,0.104466,Dwelling Database,1.0,69.0,2.0,-156.637482545,20.8538190844,Maui, ,0.0,0.0, , , ,16.0
106,4,247010003,16.0,16.0,0.0,0.0,0.0,13800.0,0.052233,0.104466,Dwelling Database,1.0,69.0,2.0,-156.63741354,20.853847638,Maui, ,0.0,0.0, , , ,16.0
107,5,247010003,16.0,16.0,0.0,0.0,0.0,13800.0,0.052233,0.104466,Dwelling Database,1.0,69.0,2.0,-156.637425438,20.8537905309,Maui, ,0.0,0.0, , , ,16.0
108,6,247010003,16.0,16.0,0.0,0.0,0.0,13800.0,0.052233,0.104466,Dwelling Database,1.0,69.0,2.0,-156.637572964,20.8540332359,Maui, ,0.0,0.0, , , ,16.0
109,7,247010003,16.0,16.0,0.0,0.0,0.0,13800.0,0.052233,0.104466,Dwelling Database,1.0,69.0,2.0,-156.637608656,20.8540927225,Maui, ,0.0,0.0, , , ,16.0
110,8,247010003,16.0,16.0,0.0,0.0,0.0,13800.0,0.052233,0.104466,Dwelling Database,1.0,69.0,2.0,-156.63754917,20.8540736868,Maui, ,0.0,0.0, , , ,16.0
111,9,247010003,16.0,16.0,0.0,0.0,0.0,13800.0,0.052233,0.104466,Dwelling Database,1.0,69.0,2.0,-156.637779977,20.8540689278,Maui, ,0.0,0.0, , , ,16.0
112,10,247010003,16.0,16.0,0.0,0.0,0.0,13800.0,0.052233,0.104466,Dwelling Database,1.0,69.0,2.0,-156.637039965,20.8543211507,Maui, ,0.0,0.0, , , ,16.0
113,11,247010003,16.0,16.0,0.0,0.0,0.0,13800.0,0.052233,0.104466,Dwelling Database,1.0,69.0,2.0,-156.63697334,20.8543235302,Maui, ,0.0,0.0, , , ,16.0
114,12,247010003,16.0,16.0,0.0,0.0,0.0,13800.0,0.052233,0.104466,Dwelling Database,1.0,69.0,2.0,-156.636992376,20.8542188339,Maui, ,0.0,0.0, , , ,16.0
115,13,247010003,16.0,16.0,0.0,0.0,0.0,13800.0,0.052233,0.104466,Dwelling Database,1.0,69.0,2.0,-156.637078036,20.854152209,Maui, ,0.0,0.0, , , ,16.0
116,14,247010003,16.0,16.0,0.0,0.0,0.0,13800.0,0.052233,0.104466,Dwelling Database,1.0,69.0,2.0,-156.637025688,20.8540736868,Maui, ,0.0,0.0, , , ,16.0
117,15,247010003,16.0,16.0,0.0,0.0,0.0,13800.0,0.052233,0.104466,Dwelling Database,1.0,69.0,2.0,-156.636949546,20.8539808878,Maui, ,0.0,0.0, , , ,16.0
118,0,251003011,77.0,0.0,0.0,0.0,77.0,19400.0,4.442455,1.211578,DWELDAT Database,77.0,97.0,0.0,-157.245722571,21.1912790985,Molokai,Cesspool,0.0,0.0, , , ,77.0
119,1,251003011,77.0,0.0,0.0,0.0,77.0,19400.0,4.442455,1.211578,DWELDAT Database,77.0,97.0,0.0,-157.245595183,21.1911697909,Molokai,Cesspool,0.0,0.0, , , ,77.0
120,2,251003011,77.0,0.0,0.0,0.0,77.0,19400.0,4.442455,1.211578,DWELDAT Database,77.0,97.0,0.0,-157.245253388,21.1909957862,Molokai,Cesspool,0.0,0.0, , , ,77.0
121,3,251003011,77.0,0.0,0.0,0.0,77.0,19400.0,4.442455,1.211578,DWELDAT Database,77.0,97.0,0.0,-157.245268924,21.190855961,Molokai,Cesspool,0.0,0.0, , , ,77.0
122,4,251003011,77.0,0.0,0.0,0.0,77.0,19400.0,4.442455,1.211578,DWELDAT Database,77.0,97.0,0.0,-157.245048311,21.190883926,Molokai,Cesspool,0.0,0.0, , , ,77.0
123,5,251003011,77.0,0.0,0.0,0.0,77.0,19400.0,4.442455,1.211578,DWELDAT Database,77.0,97.0,0.0,-157.244942665,21.1907689586,Molokai,Cesspool,0.0,0.0, , , ,77.0
124,6,251003011,77.0,0.0,0.0,0.0,77.0,19400.0,4.442455,1.211578,DWELDAT Database,77.0,97.0,0.0,-157.245085598,21.1905887394,Molokai,Cesspool,0.0,0.0, , , ,77.0
125,7,251003011,77.0,0.0,0.0,0.0,77.0,19400.0,4.442455,1.211578,DWELDAT Database,77.0,97.0,0.0,-157.244774875,21.1905203804,Molokai,Cesspool,0.0,0.0, , , ,77.0
126,8,251003011,77.0,0.0,0.0,0.0,77.0,19400.0,4.442455,1.211578,DWELDAT Database,77.0,97.0,0.0,-157.244889842,21.1904271636,Molokai,Cesspool,0.0,0.0, , , ,77.0
127,9,251003011,77.0,0.0,0.0,0.0,77.0,19400.0,4.442455,1.211578,DWELDAT Database,77.0,97.0,0.0,-157.245001703,21.1901941216,Molokai,Cesspool,0.0,0.0, , , ,77.0
128,10,251003011,77.0,0.0,0.0,0.0,77.0,19400.0,4.442455,1.211578,DWELDAT Database,77.0,97.0,0.0,-157.245150849,21.1902842312,Molokai,Cesspool,0.0,0.0, , , ,77.0
129,11,251003011,77.0,0.0,0.0,0.0,77.0,19400.0,4.442455,1.211578,DWELDAT Database,77.0,97.0,0.0,-157.245091812,21.1899486507,Molokai,Cesspool,0.0,0.0, , , ,77.0
130,12,251003011,77.0,0.0,0.0,0.0,77.0,19400.0,4.442455,1.211578,DWELDAT Database,77.0,97.0,0.0,-157.245244066,21.1899766157,Molokai,Cesspool,0.0,0.0, , , ,77.0
131,13,251003011,77.0,0.0,0.0,0.0,77.0,19400.0,4.442455,1.211578,DWELDAT Database,77.0,97.0,0.0,-157.245433607,21.1900449747,Molokai,Cesspool,0.0,0.0, , , ,77.0
132,14,251003011,77.0,0.0,0.0,0.0,77.0,19400.0,4.442455,1.211578,DWELDAT Database,77.0,97.0,0.0,-157.245579647,21.1900201169,Molokai,Cesspool,0.0,0.0, , , ,77.0
133,15,251003011,77.0,0.0,0.0,0.0,77.0,19400.0,4.442455,1.211578,DWELDAT Database,77.0,97.0,0.0,-157.245716365,21.1900294386,Molokai,Cesspool,0.0,0.0, , , ,77.0
134,16,251003011,77.0,0.0,0.0,0.0,77.0,19400.0,4.442455,1.211578,DWELDAT Database,77.0,97.0,0.0,-157.245840654,21.1898896134,Molokai,Cesspool,0.0,0.0, , , ,77.0
135,17,251003011,77.0,0.0,0.0,0.0,77.0,19400.0,4.442455,1.211578,DWELDAT Database,77.0,97.0,0.0,-157.24600223,21.1899455435,Molokai,Cesspool,0.0,0.0, , , ,77.0
136,18,251003011,77.0,0.0,0.0,0.0,77.0,19400.0,4.442455,1.211578,DWELDAT Database,77.0,97.0,0.0,-157.246110983,21.1900449747,Molokai,Cesspool,0.0,0.0, , , ,77.0
137,19,251003011,77.0,0.0,0.0,0.0,77.0,19400.0,4.442455,1.211578,DWELDAT Database,77.0,97.0,0.0,-157.246272558,21.1900915831,Molokai,Cesspool,0.0,0.0, , , ,77.0
138,20,251003011,77.0,0.0,0.0,0.0,77.0,19400.0,4.442455,1.211578,DWELDAT Database,77.0,97.0,0.0,-157.246440349,21.1900853687,Molokai,Cesspool,0.0,0.0, , , ,77.0
139,21,251003011,77.0,0.0,0.0,0.0,77.0,19400.0,4.442455,1.211578,DWELDAT Database,77.0,97.0,0.0,-157.246552209,21.1901071193,Molokai,Cesspool,0.0,0.0, , , ,77.0
140,22,251003011,77.0,0.0,0.0,0.0,77.0,19400.0,4.442455,1.211578,DWELDAT Database,77.0,97.0,0.0,-157.246660962,21.1901102265,Molokai,Cesspool,0.0,0.0, , , ,77.0
141,23,251003011,77.0,0.0,0.0,0.0,77.0,19400.0,4.442455,1.211578,DWELDAT Database,77.0,97.0,0.0,-157.246807001,21.1901164409,Molokai,Cesspool,0.0,0.0, , , ,77.0
142,24,251003011,77.0,0.0,0.0,0.0,77.0,19400.0,4.442455,1.211578,DWELDAT Database,77.0,97.0,0.0,-157.246884682,21.1901785855,Molokai,Cesspool,0.0,0.0, , , ,77.0
143,25,251003011,77.0,0.0,0.0,0.0,77.0,19400.0,4.442455,1.211578,DWELDAT Database,77.0,97.0,0.0,-157.246943719,21.1902562662,Molokai,Cesspool,0.0,0.0, , , ,77.0
144,26,251003011,77.0,0.0,0.0,0.0,77.0,19400.0,4.442455,1.211578,DWELDAT Database,77.0,97.0,0.0,-157.246999649,21.1903929841,Molokai,Cesspool,0.0,0.0, , , ,77.0
145,27,251003011,77.0,0.0,0.0,0.0,77.0,19400.0,4.442455,1.211578,DWELDAT Database,77.0,97.0,0.0,-157.246987221,21.1904706648,Molokai,Cesspool,0.0,0.0, , , ,77.0
146,28,251003011,77.0,0.0,0.0,0.0,77.0,19400.0,4.442455,1.211578,DWELDAT Database,77.0,97.0,0.0,-157.246987221,21.1905483455,Molokai,Cesspool,0.0,0.0, , , ,77.0
147,29,251003011,77.0,0.0,0.0,0.0,77.0,19400.0,4.442455,1.211578,DWELDAT Database,77.0,97.0,0.0,-157.247074223,21.1908000309,Molokai,Cesspool,0.0,0.0, , , ,77.0
148,30,251003011,77.0,0.0,0.0,0.0,77.0,19400.0,4.442455,1.211578,DWELDAT Database,77.0,97.0,0.0,-157.247095974,21.190883926,Molokai,Cesspool,0.0,0.0, , , ,77.0
149,31,251003011,77.0,0.0,0.0,0.0,77.0,19400.0,4.442455,1.211578,DWELDAT Database,77.0,97.0,0.0,-157.247099081,21.190992679,Molokai,Cesspool,0.0,0.0, , , ,77.0
150,32,251003011,77.0,0.0,0.0,0.0,77.0,19400.0,4.442455,1.211578,DWELDAT Database,77.0,97.0,0.0,-157.246934398,21.190992679,Molokai,Cesspool,0.0,0.0, , , ,77.0
151,33,251003011,77.0,0.0,0.0,0.0,77.0,19400.0,4.442455,1.211578,DWELDAT Database,77.0,97.0,0.0,-157.246862931,21.1910051079,Molokai,Cesspool,0.0,0.0, , , ,77.0
152,34,251003011,77.0,0.0,0.0,0.0,77.0,19400.0,4.442455,1.211578,DWELDAT Database,77.0,97.0,0.0,-157.246779036,21.1910175368,Molokai,Cesspool,0.0,0.0, , , ,77.0
153,35,251003011,77.0,0.0,0.0,0.0,77.0,19400.0,4.442455,1.211578,DWELDAT Database,77.0,97.0,0.0,-157.246614353,21.1910703596,Molokai,Cesspool,0.0,0.0, , , ,77.0
154,36,251003011,77.0,0.0,0.0,0.0,77.0,19400.0,4.442455,1.211578,DWELDAT Database,77.0,97.0,0.0,-157.246527351,21.1910641452,Molokai,Cesspool,0.0,0.0, , , ,77.0
155,37,251003011,77.0,0.0,0.0,0.0,77.0,19400.0,4.442455,1.211578,DWELDAT Database,77.0,97.0,0.0,-157.246511815,21.190992679,Molokai,Cesspool,0.0,0.0, , , ,77.0
156,38,251003011,77.0,0.0,0.0,0.0,77.0,19400.0,4.442455,1.211578,DWELDAT Database,77.0,97.0,0.0,-157.246474528,21.19092432,Molokai,Cesspool,0.0,0.0, , , ,77.0
157,39,251003011,77.0,0.0,0.0,0.0,77.0,19400.0,4.442455,1.211578,DWELDAT Database,77.0,97.0,0.0,-157.246375097,21.1909305344,Molokai,Cesspool,0.0,0.0, , , ,77.0
158,40,251003011,77.0,0.0,0.0,0.0,77.0,19400.0,4.442455,1.211578,DWELDAT Database,77.0,97.0,0.0,-157.246219736,21.1911200753,Molokai,Cesspool,0.0,0.0, , , ,77.0
159,41,251003011,77.0,0.0,0.0,0.0,77.0,19400.0,4.442455,1.211578,DWELDAT Database,77.0,97.0,0.0,-157.245961836,21.1911511475,Molokai,Cesspool,0.0,0.0, , , ,77.0
160,42,251003011,77.0,0.0,0.0,0.0,77.0,19400.0,4.442455,1.211578,DWELDAT Database,77.0,97.0,0.0,-157.246207307,21.1907907092,Molokai,Cesspool,0.0,0.0, , , ,77.0
161,43,251003011,77.0,0.0,0.0,0.0,77.0,19400.0,4.442455,1.211578,DWELDAT Database,77.0,97.0,0.0,-157.246260129,21.1907037068,Molokai,Cesspool,0.0,0.0, , , ,77.0
162,44,251003011,77.0,0.0,0.0,0.0,77.0,19400.0,4.442455,1.211578,DWELDAT Database,77.0,97.0,0.0,-157.246769715,21.1905297021,Molokai,Cesspool,0.0,0.0, , , ,77.0
163,45,251003011,77.0,0.0,0.0,0.0,77.0,19400.0,4.442455,1.211578,DWELDAT Database,77.0,97.0,0.0,-157.246679605,21.1904830937,Molokai,Cesspool,0.0,0.0, , , ,77.0
164,46,251003011,77.0,0.0,0.0,0.0,77.0,19400.0,4.442455,1.211578,DWELDAT Database,77.0,97.0,0.0,-157.246679605,21.1903525902,Molokai,Cesspool,0.0,0.0, , , ,77.0
165,47,251003011,77.0,0.0,0.0,0.0,77.0,19400.0,4.442455,1.211578,DWELDAT Database,77.0,97.0,0.0,-157.246558423,21.1904023058,Molokai,Cesspool,0.0,0.0, , , ,77.0
166,48,251003011,77.0,0.0,0.0,0.0,77.0,19400.0,4.442455,1.211578,DWELDAT Database,77.0,97.0,0.0,-157.246368882,21.1904147347,Molokai,Cesspool,0.0,0.0, , , ,77.0
167,49,251003011,77.0,0.0,0.0,0.0,77.0,19400.0,4.442455,1.211578,DWELDAT Database,77.0,97.0,0.0,-157.246272558,21.1903929841,Molokai,Cesspool,0.0,0.0, , , ,77.0
168,50,251003011,77.0,0.0,0.0,0.0,77.0,19400.0,4.442455,1.211578,DWELDAT Database,77.0,97.0,0.0,-157.246241486,21.1902655878,Molokai,Cesspool,0.0,0.0, , , ,77.0
169,51,251003011,77.0,0.0,0.0,0.0,77.0,19400.0,4.442455,1.211578,DWELDAT Database,77.0,97.0,0.0,-157.246101661,21.1902935529,Molokai,Cesspool,0.0,0.0, , , ,77.0
170,52,251003011,77.0,0.0,0.0,0.0,77.0,19400.0,4.442455,1.211578,DWELDAT Database,77.0,97.0,0.0,-157.245940085,21.1902624806,Molokai,Cesspool,0.0,0.0, , , ,77.0
171,53,251003011,77.0,0.0,0.0,0.0,77.0,19400.0,4.442455,1.211578,DWELDAT Database,77.0,97.0,0.0,-157.245825118,21.1902438372,Molokai,Cesspool,0.0,0.0, , , ,77.0
172,54,251003011,77.0,0.0,0.0,0.0,77.0,19400.0,4.442455,1.211578,DWELDAT Database,77.0,97.0,0.0,-157.245741223,21.1902531589,Molokai,Cesspool,0.0,0.0, , , ,77.0
173,55,251003011,77.0,0.0,0.0,0.0,77.0,19400.0,4.442455,1.211578,DWELDAT Database,77.0,97.0,0.0,-157.245402535,21.1903898769,Molokai,Cesspool,0.0,0.0, , , ,77.0
174,56,251003011,77.0,0.0,0.0,0.0,77.0,19400.0,4.442455,1.211578,DWELDAT Database,77.0,97.0,0.0,-157.24534039,21.1904582359,Molokai,Cesspool,0.0,0.0, , , ,77.0
175,57,251003011,77.0,0.0,0.0,0.0,77.0,19400.0,4.442455,1.211578,DWELDAT Database,77.0,97.0,0.0,-157.245439822,21.1905763105,Molokai,Cesspool,0.0,0.0, , , ,77.0
176,58,251003011,77.0,0.0,0.0,0.0,77.0,19400.0,4.442455,1.211578,DWELDAT Database,77.0,97.0,0.0,-157.245529931,21.1905794178,Molokai,Cesspool,0.0,0.0, , , ,77.0
177,59,251003011,77.0,0.0,0.0,0.0,77.0,19400.0,4.442455,1.211578,DWELDAT Database,77.0,97.0,0.0,-157.245595183,21.1905203804,Molokai,Cesspool,0.0,0.0, , , ,77.0
178,60,251003011,77.0,0.0,0.0,0.0,77.0,19400.0,4.442455,1.211578,DWELDAT Database,77.0,97.0,0.0,-157.245675971,21.1905172732,Molokai,Cesspool,0.0,0.0, , , ,77.0
179,61,251003011,77.0,0.0,0.0,0.0,77.0,19400.0,4.442455,1.211578,DWELDAT Database,77.0,97.0,0.0,-157.245846868,21.1905763105,Molokai,Cesspool,0.0,0.0, , , ,77.0
180,62,251003011,77.0,0.0,0.0,0.0,77.0,19400.0,4.442455,1.211578,DWELDAT Database,77.0,97.0,0.0,-157.245834439,21.1906881707,Molokai,Cesspool,0.0,0.0, , , ,77.0
181,63,251003011,77.0,0.0,0.0,0.0,77.0,19400.0,4.442455,1.211578,DWELDAT Database,77.0,97.0,0.0,-157.245759866,21.1906664201,Molokai,Cesspool,0.0,0.0, , , ,77.0
182,64,251003011,77.0,0.0,0.0,0.0,77.0,19400.0,4.442455,1.211578,DWELDAT Database,77.0,97.0,0.0,-157.245663542,21.190678849,Molokai,Cesspool,0.0,0.0, , , ,77.0
183,65,251003011,77.0,0.0,0.0,0.0,77.0,19400.0,4.442455,1.211578,DWELDAT Database,77.0,97.0,0.0,-157.24559829,21.1907254574,Molokai,Cesspool,0.0,0.0, , , ,77.0
184,66,251003011,77.0,0.0,0.0,0.0,77.0,19400.0,4.442455,1.211578,DWELDAT Database,77.0,97.0,0.0,-157.245915227,21.1898989351,Molokai,Cesspool,0.0,0.0, , , ,77.0
185,67,251003011,77.0,0.0,0.0,0.0,77.0,19400.0,4.442455,1.211578,DWELDAT Database,77.0,97.0,0.0,-157.246828752,21.1906477768,Molokai,Cesspool,0.0,0.0, , , ,77.0
186,68,251003011,77.0,0.0,0.0,0.0,77.0,19400.0,4.442455,1.211578,DWELDAT Database,77.0,97.0,0.0,-157.246834966,21.1907751731,Molokai,Cesspool,0.0,0.0, , , ,77.0
187,69,251003011,77.0,0.0,0.0,0.0,77.0,19400.0,4.442455,1.211578,DWELDAT Database,77.0,97.0,0.0,-157.246431027,21.1909584995,Molokai,Cesspool,0.0,0.0, , , ,77.0
188,70,251003011,77.0,0.0,0.0,0.0,77.0,19400.0,4.442455,1.211578,DWELDAT Database,77.0,97.0,0.0,-157.245806474,21.1906229189,Molokai,Cesspool,0.0,0.0, , , ,77.0
189,71,251003011,77.0,0.0,0.0,0.0,77.0,19400.0,4.442455,1.211578,DWELDAT Database,77.0,97.0,0.0,-157.245281353,21.1909367489,Molokai,Cesspool,0.0,0.0, , , ,77.0
190,72,251003011,77.0,0.0,0.0,0.0,77.0,19400.0,4.442455,1.211578,DWELDAT Database,77.0,97.0,0.0,-157.24502656,21.190815567,Molokai,Cesspool,0.0,0.0, , , ,77.0
191,73,251003011,77.0,0.0,0.0,0.0,77.0,19400.0,4.442455,1.211578,DWELDAT Database,77.0,97.0,0.0,-157.244973737,21.190719243,Molokai,Cesspool,0.0,0.0, , , ,77.0
192,74,251003011,77.0,0.0,0.0,0.0,77.0,19400.0,4.442455,1.211578,DWELDAT Database,77.0,97.0,0.0,-157.244833912,21.1905079515,Molokai,Cesspool,0.0,0.0, , , ,77.0
193,75,251003011,77.0,0.0,0.0,0.0,77.0,19400.0,4.442455,1.211578,DWELDAT Database,77.0,97.0,0.0,-157.244920915,21.1903556974,Molokai,Cesspool,0.0,0.0, , , ,77.0
194,76,251003011,77.0,0.0,0.0,0.0,77.0,19400.0,4.442455,1.211578,DWELDAT Database,77.0,97.0,0.0,-157.24508249,21.1902189794,Molokai,Cesspool,0.0,0.0, , , ,77.0
195,0,252014059,13.0,0.0,0.0,0.0,13.0,7800.0,1.786142,0.487129,DWELDAT Database,13.0,39.0,26.0,-157.009802281,21.1584008573,'Molokai,Cesspool,0.0,0.0, , , ,13.0
196,1,252014059,13.0,0.0,0.0,0.0,13.0,7800.0,1.786142,0.487129,DWELDAT Database,13.0,39.0,26.0,-157.009632165,21.1584671665,'Molokai,Cesspool,0.0,0.0, , , ,13.0
197,2,252014059,13.0,0.0,0.0,0.0,13.0,7800.0,1.786142,0.487129,DWELDAT Database,13.0,39.0,26.0,-157.009511726,21.1586364329,'Molokai,Cesspool,0.0,0.0, , , ,13.0
198,3,252014059,13.0,0.0,0.0,0.0,13.0,7800.0,1.786142,0.487129,DWELDAT Database,13.0,39.0,26.0,-157.009511726,21.159114936,'Molokai,Cesspool,0.0,0.0, , , ,13.0
199,4,252014059,13.0,0.0,0.0,0.0,13.0,7800.0,1.786142,0.487129,DWELDAT Database,13.0,39.0,26.0,-157.009723309,21.1589782208,'Molokai,Cesspool,0.0,0.0, , , ,13.0
200,5,252014059,13.0,0.0,0.0,0.0,13.0,7800.0,1.786142,0.487129,DWELDAT Database,13.0,39.0,26.0,-157.009840493,21.1588317403,'Molokai,Cesspool,0.0,0.0, , , ,13.0
201,6,252014059,13.0,0.0,0.0,0.0,13.0,7800.0,1.786142,0.487129,DWELDAT Database,13.0,39.0,26.0,-157.009960933,21.1586461983,'Molokai,Cesspool,0.0,0.0, , , ,13.0
202,7,252014059,13.0,0.0,0.0,0.0,13.0,7800.0,1.786142,0.487129,DWELDAT Database,13.0,39.0,26.0,-157.010133454,21.1585159934,'Molokai,Cesspool,0.0,0.0, , , ,13.0
203,8,252014059,13.0,0.0,0.0,0.0,13.0,7800.0,1.786142,0.487129,DWELDAT Database,13.0,39.0,26.0,-157.010400374,21.1582393079,'Molokai,Cesspool,0.0,0.0, , , ,13.0
204,9,252014059,13.0,0.0,0.0,0.0,13.0,7800.0,1.786142,0.487129,DWELDAT Database,13.0,39.0,26.0,-157.010205067,21.1581709504,'Molokai,Cesspool,0.0,0.0, , , ,13.0
205,10,252014059,13.0,0.0,0.0,0.0,13.0,7800.0,1.786142,0.487129,DWELDAT Database,13.0,39.0,26.0,-157.01001627,21.1580960825,'Molokai,Cesspool,0.0,0.0, , , ,13.0
206,11,252014059,13.0,0.0,0.0,0.0,13.0,7800.0,1.786142,0.487129,DWELDAT Database,13.0,39.0,26.0,-157.009794921,21.1580147045,'Molokai,Cesspool,0.0,0.0, , , ,13.0
207,12,252014059,13.0,0.0,0.0,0.0,13.0,7800.0,1.786142,0.487129,DWELDAT Database,13.0,39.0,26.0,-157.009576828,21.1579365815,'Molokai,Cesspool,0.0,0.0, , , ,13.0
208,0,254002018,10.0,0.0,0.0,0.0,10.0,8800.0,2.015134,0.549582,DWELDAT Database,10.0,44.0,0.0,-156.999871191,21.0800440246,Molokai,Cesspool,0.0,0.0, , , ,10.0
209,1,254002018,10.0,0.0,0.0,0.0,10.0,8800.0,2.015134,0.549582,DWELDAT Database,10.0,44.0,0.0,-156.999805157,21.080148844,Molokai,Cesspool,0.0,0.0, , , ,10.0
210,2,254002018,10.0,0.0,0.0,0.0,10.0,8800.0,2.015134,0.549582,DWELDAT Database,10.0,44.0,0.0,-156.999725406,21.0802897365,Molokai,Cesspool,0.0,0.0, , , ,10.0
211,3,254002018,10.0,0.0,0.0,0.0,10.0,8800.0,2.015134,0.549582,DWELDAT Database,10.0,44.0,0.0,-156.999666922,21.0803960705,Molokai,Cesspool,0.0,0.0, , , ,10.0
212,4,254002018,10.0,0.0,0.0,0.0,10.0,8800.0,2.015134,0.549582,DWELDAT Database,10.0,44.0,0.0,-156.999520713,21.0804226541,Molokai,Cesspool,0.0,0.0, , , ,10.0
213,5,254002018,10.0,0.0,0.0,0.0,10.0,8800.0,2.015134,0.549582,DWELDAT Database,10.0,44.0,0.0,-156.999395771,21.0803402452,Molokai,Cesspool,0.0,0.0, , , ,10.0
214,6,254002018,10.0,0.0,0.0,0.0,10.0,8800.0,2.015134,0.549582,DWELDAT Database,10.0,44.0,0.0,-156.999438304,21.080209986,Molokai,Cesspool,0.0,0.0, , , ,10.0
215,7,254002018,10.0,0.0,0.0,0.0,10.0,8800.0,2.015134,0.549582,DWELDAT Database,10.0,44.0,0.0,-156.999480838,21.0801196021,Molokai,Cesspool,0.0,0.0, , , ,10.0
216,8,254002018,10.0,0.0,0.0,0.0,10.0,8800.0,2.015134,0.549582,DWELDAT Database,10.0,44.0,0.0,-156.999544638,21.080005293,Molokai,Cesspool,0.0,0.0, , , ,10.0
217,9,254002018,10.0,0.0,0.0,0.0,10.0,8800.0,2.015134,0.549582,DWELDAT Database,10.0,44.0,0.0,-156.999613755,21.0798936423,Molokai,Cesspool,0.0,0.0, , , ,10.0
218,0,256002007,11.0,11.0,0.0,0.0,0.0,11000.0,0.041635,0.08327,IWS Database,22.0,55.0,0.0,-156.833440313,21.0600835303,Molokai,Soil Treatment,0.0,0.0, , , ,11.0
219,1,256002007,11.0,11.0,0.0,0.0,0.0,11000.0,0.041635,0.08327,IWS Database,22.0,55.0,0.0,-156.833507333,21.0602596047,Molokai,Soil Treatment,0.0,0.0, , , ,11.0
220,2,256002007,11.0,11.0,0.0,0.0,0.0,11000.0,0.041635,0.08327,IWS Database,22.0,55.0,0.0,-156.833261059,21.0602917274,Molokai,Soil Treatment,0.0,0.0, , , ,11.0
221,3,256002007,11.0,11.0,0.0,0.0,0.0,11000.0,0.041635,0.08327,IWS Database,22.0,55.0,0.0,-156.8336965,21.0605772627,Molokai,Soil Treatment,0.0,0.0, , , ,11.0
222,4,256002007,11.0,11.0,0.0,0.0,0.0,11000.0,0.041635,0.08327,IWS Database,22.0,55.0,0.0,-156.833832129,21.060862798,Molokai,Soil Treatment,0.0,0.0, , , ,11.0
223,5,256002007,11.0,11.0,0.0,0.0,0.0,11000.0,0.041635,0.08327,IWS Database,22.0,55.0,0.0,-156.834149787,21.0608949208,Molokai,Soil Treatment,0.0,0.0, , , ,11.0
224,6,256002007,11.0,11.0,0.0,0.0,0.0,11000.0,0.041635,0.08327,IWS Database,22.0,55.0,0.0,-156.833899944,21.0610162733,Molokai,Soil Treatment,0.0,0.0, , , ,11.0
225,7,256002007,11.0,11.0,0.0,0.0,0.0,11000.0,0.041635,0.08327,IWS Database,22.0,55.0,0.0,-156.833421672,21.0606272314,Molokai,Soil Treatment,0.0,0.0, , , ,11.0
226,8,256002007,11.0,11.0,0.0,0.0,0.0,11000.0,0.041635,0.08327,IWS Database,22.0,55.0,0.0,-156.833236074,21.0601061294,Molokai,Soil Treatment,0.0,0.0, , , ,11.0
227,9,256002007,11.0,11.0,0.0,0.0,0.0,11000.0,0.041635,0.08327,IWS Database,22.0,55.0,0.0,-156.833307458,21.0604452026,Molokai,Soil Treatment,0.0,0.0, , , ,11.0
228,10,256002007,11.0,11.0,0.0,0.0,0.0,11000.0,0.041635,0.08327,IWS Database,22.0,55.0,0.0,-156.83343238,21.0599455158,Molokai,Soil Treatment,0.0,0.0, , , ,11.0
229,0,413008012,26.0,10.0,0.0,16.0,0.0,6300.0,2.212172,0.124217,DWELDAT & IWS Databases,26.0,60.0,1.0,-159.713378343,21.9700396624,Kauai,SOIL TREATMENT & SEEPAGE PIT,0.0,0.0, , , ,26.0
230,1,413008012,26.0,10.0,0.0,16.0,0.0,6300.0,2.212172,0.124217,DWELDAT & IWS Databases,26.0,60.0,1.0,-159.713488095,21.9698871984,Kauai,SOIL TREATMENT & SEEPAGE PIT,0.0,0.0, , , ,26.0
231,2,413008012,26.0,10.0,0.0,16.0,0.0,6300.0,2.212172,0.124217,DWELDAT & IWS Databases,26.0,60.0,1.0,-159.713657632,21.9696700726,Kauai,SOIL TREATMENT & SEEPAGE PIT,0.0,0.0, , , ,26.0
232,3,413008012,26.0,10.0,0.0,16.0,0.0,6300.0,2.212172,0.124217,DWELDAT & IWS Databases,26.0,60.0,1.0,-159.713357225,21.9697890456,Kauai,SOIL TREATMENT & SEEPAGE PIT,0.0,0.0, , , ,26.0
233,4,413008012,26.0,10.0,0.0,16.0,0.0,6300.0,2.212172,0.124217,DWELDAT & IWS Databases,26.0,60.0,1.0,-159.713502967,21.9695629968,Kauai,SOIL TREATMENT & SEEPAGE PIT,0.0,0.0, , , ,26.0
234,5,413008012,26.0,10.0,0.0,16.0,0.0,6300.0,2.212172,0.124217,DWELDAT & IWS Databases,26.0,60.0,1.0,-159.713104407,21.9698187889,Kauai,SOIL TREATMENT & SEEPAGE PIT,0.0,0.0, , , ,26.0
235,6,413008012,26.0,10.0,0.0,16.0,0.0,6300.0,2.212172,0.124217,DWELDAT & IWS Databases,26.0,60.0,1.0,-159.713220406,21.9696730469,Kauai,SOIL TREATMENT & SEEPAGE PIT,0.0,0.0, , , ,26.0
236,7,413008012,26.0,10.0,0.0,16.0,0.0,6300.0,2.212172,0.124217,DWELDAT & IWS Databases,26.0,60.0,1.0,-159.713327482,21.9694172548,Kauai,SOIL TREATMENT & SEEPAGE PIT,0.0,0.0, , , ,26.0
237,8,413008012,26.0,10.0,0.0,16.0,0.0,6300.0,2.212172,0.124217,DWELDAT & IWS Databases,26.0,60.0,1.0,-159.712958665,21.9697384821,Kauai,SOIL TREATMENT & SEEPAGE PIT,0.0,0.0, , , ,26.0
238,9,413008012,26.0,10.0,0.0,16.0,0.0,6300.0,2.212172,0.124217,DWELDAT & IWS Databases,26.0,60.0,1.0,-159.713044921,21.9695510995,Kauai,SOIL TREATMENT & SEEPAGE PIT,0.0,0.0, , , ,26.0
239,10,413008012,26.0,10.0,0.0,16.0,0.0,6300.0,2.212172,0.124217,DWELDAT & IWS Databases,26.0,60.0,1.0,-159.713175791,21.9693220764,Kauai,SOIL TREATMENT & SEEPAGE PIT,0.0,0.0, , , ,26.0
240,11,413008012,26.0,10.0,0.0,16.0,0.0,6300.0,2.212172,0.124217,DWELDAT & IWS Databases,26.0,60.0,1.0,-159.712560106,21.9698663781,Kauai,SOIL TREATMENT & SEEPAGE PIT,0.0,0.0, , , ,26.0
241,12,413008012,26.0,10.0,0.0,16.0,0.0,6300.0,2.212172,0.124217,DWELDAT & IWS Databases,26.0,60.0,1.0,-159.712616618,21.9697325334,Kauai,SOIL TREATMENT & SEEPAGE PIT,0.0,0.0, , , ,26.0
242,13,413008012,26.0,10.0,0.0,16.0,0.0,6300.0,2.212172,0.124217,DWELDAT & IWS Databases,26.0,60.0,1.0,-159.712789129,21.9696165347,Kauai,SOIL TREATMENT & SEEPAGE PIT,0.0,0.0, , , ,26.0
243,14,413008012,26.0,10.0,0.0,16.0,0.0,6300.0,2.212172,0.124217,DWELDAT & IWS Databases,26.0,60.0,1.0,-159.712905128,21.9694648441,Kauai,SOIL TREATMENT & SEEPAGE PIT,0.0,0.0, , , ,26.0
244,15,413008012,26.0,10.0,0.0,16.0,0.0,6300.0,2.212172,0.124217,DWELDAT & IWS Databases,26.0,60.0,1.0,-159.712640412,21.9695332536,Kauai,SOIL TREATMENT & SEEPAGE PIT,0.0,0.0, , , ,26.0
245,16,413008012,26.0,10.0,0.0,16.0,0.0,6300.0,2.212172,0.124217,DWELDAT & IWS Databases,26.0,60.0,1.0,-159.712509542,21.9694410495,Kauai,SOIL TREATMENT & SEEPAGE PIT,0.0,0.0, , , ,26.0
246,17,413008012,26.0,10.0,0.0,16.0,0.0,6300.0,2.212172,0.124217,DWELDAT & IWS Databases,26.0,60.0,1.0,-159.712658258,21.9692744872,Kauai,SOIL TREATMENT & SEEPAGE PIT,0.0,0.0, , , ,26.0
247,18,413008012,26.0,10.0,0.0,16.0,0.0,6300.0,2.212172,0.124217,DWELDAT & IWS Databases,26.0,60.0,1.0,-159.712334057,21.9693220764,Kauai,SOIL TREATMENT & SEEPAGE PIT,0.0,0.0, , , ,26.0
248,19,413008012,26.0,10.0,0.0,16.0,0.0,6300.0,2.212172,0.124217,DWELDAT & IWS Databases,26.0,60.0,1.0,-159.712521439,21.9691614628,Kauai,SOIL TREATMENT & SEEPAGE PIT,0.0,0.0, , , ,26.0
249,20,413008012,26.0,10.0,0.0,16.0,0.0,6300.0,2.212172,0.124217,DWELDAT & IWS Databases,26.0,60.0,1.0,-159.712426261,21.9690395154,Kauai,SOIL TREATMENT & SEEPAGE PIT,0.0,0.0, , , ,26.0
250,21,413008012,26.0,10.0,0.0,16.0,0.0,6300.0,2.212172,0.124217,DWELDAT & IWS Databases,26.0,60.0,1.0,-159.712304314,21.9689413626,Kauai,SOIL TREATMENT & SEEPAGE PIT,0.0,0.0, , , ,26.0
251,22,413008012,26.0,10.0,0.0,16.0,0.0,6300.0,2.212172,0.124217,DWELDAT & IWS Databases,26.0,60.0,1.0,-159.712569029,21.9689681316,Kauai,SOIL TREATMENT & SEEPAGE PIT,0.0,0.0, , , ,26.0
252,23,413008012,26.0,10.0,0.0,16.0,0.0,6300.0,2.212172,0.124217,DWELDAT & IWS Databases,26.0,60.0,1.0,-159.712925948,21.969209052,Kauai,SOIL TREATMENT & SEEPAGE PIT,0.0,0.0, , , ,26.0
253,24,413008012,26.0,10.0,0.0,16.0,0.0,6300.0,2.212172,0.124217,DWELDAT & IWS Databases,26.0,60.0,1.0,-159.712503593,21.9696611496,Kauai,SOIL TREATMENT & SEEPAGE PIT,0.0,0.0, , , ,26.0
254,25,413008012,26.0,10.0,0.0,16.0,0.0,6300.0,2.212172,0.124217,DWELDAT & IWS Databases,26.0,60.0,1.0,-159.712125854,21.9688402356,Kauai,SOIL TREATMENT & SEEPAGE PIT,0.0,0.0, , , ,26.0
255,0,413008019,10.0,9.0,0.0,0.0,1.0,735.0,0.207976,0.01577,IWS and Cesspool Database,2.0,7.0,1.0,-159.715489775,21.9697977163,Kauai,CESSPOOL & SEPTIC,0.0,0.0, , , ,10.0
256,1,413008019,10.0,9.0,0.0,0.0,1.0,735.0,0.207976,0.01577,IWS and Cesspool Database,2.0,7.0,1.0,-159.71526333,21.9702976239,Kauai,CESSPOOL & SEPTIC,0.0,0.0, , , ,10.0
257,2,413008019,10.0,9.0,0.0,0.0,1.0,735.0,0.207976,0.01577,IWS and Cesspool Database,2.0,7.0,1.0,-159.715442882,21.970069104,Kauai,CESSPOOL & SEPTIC,0.0,0.0, , , ,10.0
258,3,413008019,10.0,9.0,0.0,0.0,1.0,735.0,0.207976,0.01577,IWS and Cesspool Database,2.0,7.0,1.0,-159.715746487,21.9696349162,Kauai,CESSPOOL & SEPTIC,0.0,0.0, , , ,10.0
259,4,413008019,10.0,9.0,0.0,0.0,1.0,735.0,0.207976,0.01577,IWS and Cesspool Database,2.0,7.0,1.0,-159.715903186,21.9694227191,Kauai,CESSPOOL & SEPTIC,0.0,0.0, , , ,10.0
260,5,413008019,10.0,9.0,0.0,0.0,1.0,735.0,0.207976,0.01577,IWS and Cesspool Database,2.0,7.0,1.0,-159.715557142,21.969324782,Kauai,CESSPOOL & SEPTIC,0.0,0.0, , , ,10.0
261,6,413008019,10.0,9.0,0.0,0.0,1.0,735.0,0.207976,0.01577,IWS and Cesspool Database,2.0,7.0,1.0,-159.715387384,21.9695435082,Kauai,CESSPOOL & SEPTIC,0.0,0.0, , , ,10.0
262,7,413008019,10.0,9.0,0.0,0.0,1.0,735.0,0.207976,0.01577,IWS and Cesspool Database,2.0,7.0,1.0,-159.71526333,21.969765499,Kauai,CESSPOOL & SEPTIC,0.0,0.0, , , ,10.0
263,8,413008019,10.0,9.0,0.0,0.0,1.0,735.0,0.207976,0.01577,IWS and Cesspool Database,2.0,7.0,1.0,-159.715557142,21.9696708264,Kauai,CESSPOOL & SEPTIC,0.0,0.0, , , ,10.0
264,9,413008019,10.0,9.0,0.0,0.0,1.0,735.0,0.207976,0.01577,IWS and Cesspool Database,2.0,7.0,1.0,-159.715165393,21.9700103418,Kauai,CESSPOOL & SEPTIC,0.0,0.0, , , ,10.0
265,0,423013013,10.0,0.0,0.0,0.0,10.0,2940.0,1.841616,0.402192,DWELDAT Database,10.0,28.0,2.0,-159.526437788,21.9217194414,Kauai,CESSPOOL,0.0,0.0, , , ,10.0
266,1,423013013,10.0,0.0,0.0,0.0,10.0,2940.0,1.841616,0.402192,DWELDAT Database,10.0,28.0,2.0,-159.526239699,21.9217224343,Kauai,CESSPOOL,0.0,0.0, , , ,10.0
267,2,423013013,10.0,0.0,0.0,0.0,10.0,2940.0,1.841616,0.402192,DWELDAT Database,10.0,28.0,2.0,-159.526093957,21.92171946,Kauai,CESSPOOL,0.0,0.0, , , ,10.0
268,3,423013013,10.0,0.0,0.0,0.0,10.0,2940.0,1.841616,0.402192,DWELDAT Database,10.0,28.0,2.0,-159.525972009,21.9217611006,Kauai,CESSPOOL,0.0,0.0, , , ,10.0
269,4,423013013,10.0,0.0,0.0,0.0,10.0,2940.0,1.841616,0.402192,DWELDAT Database,10.0,28.0,2.0,-159.525823293,21.9217640749,Kauai,CESSPOOL,0.0,0.0, , , ,10.0
270,5,423013013,10.0,0.0,0.0,0.0,10.0,2940.0,1.841616,0.402192,DWELDAT Database,10.0,28.0,2.0,-159.525606167,21.921737306,Kauai,CESSPOOL,0.0,0.0, , , ,10.0
271,6,423013013,10.0,0.0,0.0,0.0,10.0,2940.0,1.841616,0.402192,DWELDAT Database,10.0,28.0,2.0,-159.525606167,21.9215142315,Kauai,CESSPOOL,0.0,0.0, , , ,10.0
272,7,423013013,10.0,0.0,0.0,0.0,10.0,2940.0,1.841616,0.402192,DWELDAT Database,10.0,28.0,2.0,-159.525621039,21.921172184,Kauai,CESSPOOL,0.0,0.0, , , ,10.0
273,8,423013013,10.0,0.0,0.0,0.0,10.0,2940.0,1.841616,0.402192,DWELDAT Database,10.0,28.0,2.0,-159.525769755,21.9211305434,Kauai,CESSPOOL,0.0,0.0, , , ,10.0
274,9,423013013,10.0,0.0,0.0,0.0,10.0,2940.0,1.841616,0.402192,DWELDAT Database,10.0,28.0,2.0,-159.525909548,21.921181107,Kauai,CESSPOOL,0.0,0.0, , , ,10.0
275,0,423014001,21.0,0.0,0.0,21.0,0.0,840.0,0.350784,0.022378,IWS Database,1.0,8.0,2.0,-159.529187682,21.9215750096,Kauai,SEEPAGE PIT,0.0,0.0, , , ,21.0
276,0,427001004,11.0,7.0,0.0,0.0,4.0,2730.0,1.047129,0.150815,IWS Database,7.0,26.0,2.0,-159.474177553,21.9553880633,Kauai,CESSPOOL & SEPTIC,0.0,0.0, , , ,11.0
277,1,427001004,11.0,7.0,0.0,0.0,4.0,2730.0,1.047129,0.150815,IWS Database,7.0,26.0,2.0,-159.473618505,21.9562024567,Kauai,CESSPOOL & SEPTIC,0.0,0.0, , , ,11.0
278,2,427001004,11.0,7.0,0.0,0.0,4.0,2730.0,1.047129,0.150815,IWS Database,7.0,26.0,2.0,-159.473589951,21.9563928136,Kauai,CESSPOOL & SEPTIC,0.0,0.0, , , ,11.0
279,3,427001004,11.0,7.0,0.0,0.0,4.0,2730.0,1.047129,0.150815,IWS Database,7.0,26.0,2.0,-159.47381838,21.956792563,Kauai,CESSPOOL & SEPTIC,0.0,0.0, , , ,11.0
280,4,427001004,11.0,7.0,0.0,0.0,4.0,2730.0,1.047129,0.150815,IWS Database,7.0,26.0,2.0,-159.472914185,21.9563452243,Kauai,CESSPOOL & SEPTIC,0.0,0.0, , , ,11.0
281,5,427001004,11.0,7.0,0.0,0.0,4.0,2730.0,1.047129,0.150815,IWS Database,7.0,26.0,2.0,-159.471867222,21.9577824188,Kauai,CESSPOOL & SEPTIC,0.0,0.0, , , ,11.0
282,6,427001004,11.0,7.0,0.0,0.0,4.0,2730.0,1.047129,0.150815,IWS Database,7.0,26.0,2.0,-159.472904667,21.9582392753,Kauai,CESSPOOL & SEPTIC,0.0,0.0, , , ,11.0
283,7,427001004,11.0,7.0,0.0,0.0,4.0,2730.0,1.047129,0.150815,IWS Database,7.0,26.0,2.0,-159.470087385,21.9587627567,Kauai,CESSPOOL & SEPTIC,0.0,0.0, , , ,11.0
284,8,427001004,11.0,7.0,0.0,0.0,4.0,2730.0,1.047129,0.150815,IWS Database,7.0,26.0,2.0,-159.469954135,21.9589245601,Kauai,CESSPOOL & SEPTIC,0.0,0.0, , , ,11.0
285,9,427001004,11.0,7.0,0.0,0.0,4.0,2730.0,1.047129,0.150815,IWS Database,7.0,26.0,2.0,-159.469773296,21.9589055244,Kauai,CESSPOOL & SEPTIC,0.0,0.0, , , ,11.0
286,10,427001004,11.0,7.0,0.0,0.0,4.0,2730.0,1.047129,0.150815,IWS Database,7.0,26.0,2.0,-159.467365281,21.9575635084,Kauai,CESSPOOL & SEPTIC,0.0,0.0, , , ,11.0
287,0,431002001,11.0,1.0,0.0,0.0,-11.0,2310.0,1.446984,0.316008,DWELDAT & Cesspool Database,11.0,22.0,3.0,-159.401975871,21.9350739624,Kauai,CESSPOOL,0.0,0.0, , , ,-10.0
288,0,434005001,15.0,1.0,3.0,11.0,0.0,1470.0,0.596938,0.037397,DWELDAT & IWS Databases,15.0,14.0,3.0,-159.390998578,21.9716620223,Kauai,SOIL TREATMENT & SEEPAGE PIT,0.0,0.0, , , ,15.0
289,1,434005001,15.0,1.0,3.0,11.0,0.0,1470.0,0.596938,0.037397,DWELDAT & IWS Databases,15.0,14.0,3.0,-159.386030985,21.9706964742,Kauai,SOIL TREATMENT & SEEPAGE PIT,0.0,0.0, , , ,15.0
290,2,434005001,15.0,1.0,3.0,11.0,0.0,1470.0,0.596938,0.037397,DWELDAT & IWS Databases,15.0,14.0,3.0,-159.387232688,21.9708775527,Kauai,SOIL TREATMENT & SEEPAGE PIT,0.0,0.0, , , ,15.0
291,3,434005001,15.0,1.0,3.0,11.0,0.0,1470.0,0.596938,0.037397,DWELDAT & IWS Databases,15.0,14.0,3.0,-159.387144892,21.9706470892,Kauai,SOIL TREATMENT & SEEPAGE PIT,0.0,0.0, , , ,15.0
292,4,434005001,15.0,1.0,3.0,11.0,0.0,1470.0,0.596938,0.037397,DWELDAT & IWS Databases,15.0,14.0,3.0,-159.388972139,21.9709653483,Kauai,SOIL TREATMENT & SEEPAGE PIT,0.0,0.0, , , ,15.0
293,5,434005001,15.0,1.0,3.0,11.0,0.0,1470.0,0.596938,0.037397,DWELDAT & IWS Databases,15.0,14.0,3.0,-159.388675829,21.9707678082,Kauai,SOIL TREATMENT & SEEPAGE PIT,0.0,0.0, , , ,15.0
294,6,434005001,15.0,1.0,3.0,11.0,0.0,1470.0,0.596938,0.037397,DWELDAT & IWS Databases,15.0,14.0,3.0,-159.389059934,21.9709872972,Kauai,SOIL TREATMENT & SEEPAGE PIT,0.0,0.0, , , ,15.0
295,7,434005001,15.0,1.0,3.0,11.0,0.0,1470.0,0.596938,0.037397,DWELDAT & IWS Databases,15.0,14.0,3.0,-159.392385194,21.9716896623,Kauai,SOIL TREATMENT & SEEPAGE PIT,0.0,0.0, , , ,15.0
296,8,434005001,15.0,1.0,3.0,11.0,0.0,1470.0,0.596938,0.037397,DWELDAT & IWS Databases,15.0,14.0,3.0,-159.392330321,21.971053144,Kauai,SOIL TREATMENT & SEEPAGE PIT,0.0,0.0, , , ,15.0
297,9,434005001,15.0,1.0,3.0,11.0,0.0,1470.0,0.596938,0.037397,DWELDAT & IWS Databases,15.0,14.0,3.0,-159.391913292,21.9711299651,Kauai,SOIL TREATMENT & SEEPAGE PIT,0.0,0.0, , , ,15.0
298,10,434005001,15.0,1.0,3.0,11.0,0.0,1470.0,0.596938,0.037397,DWELDAT & IWS Databases,15.0,14.0,3.0,-159.391172517,21.9710696056,Kauai,SOIL TREATMENT & SEEPAGE PIT,0.0,0.0, , , ,15.0
299,11,434005001,15.0,1.0,3.0,11.0,0.0,1470.0,0.596938,0.037397,DWELDAT & IWS Databases,15.0,14.0,3.0,-159.3927693,21.9716128411,Kauai,SOIL TREATMENT & SEEPAGE PIT,0.0,0.0, , , ,15.0
300,12,434005001,15.0,1.0,3.0,11.0,0.0,1470.0,0.596938,0.037397,DWELDAT & IWS Databases,15.0,14.0,3.0,-159.392193141,21.9714372498,Kauai,SOIL TREATMENT & SEEPAGE PIT,0.0,0.0, , , ,15.0
301,13,434005001,15.0,1.0,3.0,11.0,0.0,1470.0,0.596938,0.037397,DWELDAT & IWS Databases,15.0,14.0,3.0,-159.391018874,21.9711628885,Kauai,SOIL TREATMENT & SEEPAGE PIT,0.0,0.0, , , ,15.0
302,14,434005001,15.0,1.0,3.0,11.0,0.0,1470.0,0.596938,0.037397,DWELDAT & IWS Databases,15.0,14.0,3.0,-159.392242526,21.9716073539,Kauai,SOIL TREATMENT & SEEPAGE PIT,0.0,0.0, , , ,15.0
303,0,444003045,17.0,9.0,6.0,2.0,0.0,5355.0,1.74636,0.091627,IWS Database,17.0,51.0,4.0,-159.35949068,22.0788949801,Kauai,SOIL TREATMENT & SEEPAGE PIT,0.0,0.0, , , ,17.0
304,1,444003045,17.0,9.0,6.0,2.0,0.0,5355.0,1.74636,0.091627,IWS Database,17.0,51.0,4.0,-159.359653611,22.0792587546,Kauai,SOIL TREATMENT & SEEPAGE PIT,0.0,0.0, , , ,17.0
305,2,444003045,17.0,9.0,6.0,2.0,0.0,5355.0,1.74636,0.091627,IWS Database,17.0,51.0,4.0,-159.358880286,22.079265893,Kauai,SOIL TREATMENT & SEEPAGE PIT,0.0,0.0, , , ,17.0
306,3,444003045,17.0,9.0,6.0,2.0,0.0,5355.0,1.74636,0.091627,IWS Database,17.0,51.0,4.0,-159.358937394,22.0777025871,Kauai,SOIL TREATMENT & SEEPAGE PIT,0.0,0.0, , , ,17.0
307,4,444003045,17.0,9.0,6.0,2.0,0.0,5355.0,1.74636,0.091627,IWS Database,17.0,51.0,4.0,-159.357457369,22.0779881224,Kauai,SOIL TREATMENT & SEEPAGE PIT,0.0,0.0, , , ,17.0
308,5,444003045,17.0,9.0,6.0,2.0,0.0,5355.0,1.74636,0.091627,IWS Database,17.0,51.0,4.0,-159.357109967,22.0783950103,Kauai,SOIL TREATMENT & SEEPAGE PIT,0.0,0.0, , , ,17.0
309,6,444003045,17.0,9.0,6.0,2.0,0.0,5355.0,1.74636,0.091627,IWS Database,17.0,51.0,4.0,-159.356724495,22.0778120423,Kauai,SOIL TREATMENT & SEEPAGE PIT,0.0,0.0, , , ,17.0
310,7,444003045,17.0,9.0,6.0,2.0,0.0,5355.0,1.74636,0.091627,IWS Database,17.0,51.0,4.0,-159.356241464,22.0779476716,Kauai,SOIL TREATMENT & SEEPAGE PIT,0.0,0.0, , , ,17.0
311,8,444003045,17.0,9.0,6.0,2.0,0.0,5355.0,1.74636,0.091627,IWS Database,17.0,51.0,4.0,-159.356462754,22.0782950729,Kauai,SOIL TREATMENT & SEEPAGE PIT,0.0,0.0, , , ,17.0
312,9,444003045,17.0,9.0,6.0,2.0,0.0,5355.0,1.74636,0.091627,IWS Database,17.0,51.0,4.0,-159.356553174,22.0785663315,Kauai,SOIL TREATMENT & SEEPAGE PIT,0.0,0.0, , , ,17.0
313,10,444003045,17.0,9.0,6.0,2.0,0.0,5355.0,1.74636,0.091627,IWS Database,17.0,51.0,4.0,-159.356672147,22.078992255,Kauai,SOIL TREATMENT & SEEPAGE PIT,0.0,0.0, , , ,17.0
314,11,444003045,17.0,9.0,6.0,2.0,0.0,5355.0,1.74636,0.091627,IWS Database,17.0,51.0,4.0,-159.356010656,22.0787923803,Kauai,SOIL TREATMENT & SEEPAGE PIT,0.0,0.0, , , ,17.0
315,12,444003045,17.0,9.0,6.0,2.0,0.0,5355.0,1.74636,0.091627,IWS Database,17.0,51.0,4.0,-159.355722742,22.0781523052,Kauai,SOIL TREATMENT & SEEPAGE PIT,0.0,0.0, , , ,17.0
316,13,444003045,17.0,9.0,6.0,2.0,0.0,5355.0,1.74636,0.091627,IWS Database,17.0,51.0,4.0,-159.357745284,22.0789518041,Kauai,SOIL TREATMENT & SEEPAGE PIT,0.0,0.0, , , ,17.0
317,14,444003045,17.0,9.0,6.0,2.0,0.0,5355.0,1.74636,0.091627,IWS Database,17.0,51.0,4.0,-159.357438333,22.0792183038,Kauai,SOIL TREATMENT & SEEPAGE PIT,0.0,0.0, , , ,17.0
318,15,444003045,17.0,9.0,6.0,2.0,0.0,5355.0,1.74636,0.091627,IWS Database,17.0,51.0,4.0,-159.358264006,22.0793610714,Kauai,SOIL TREATMENT & SEEPAGE PIT,0.0,0.0, , , ,17.0
319,16,444003045,17.0,9.0,6.0,2.0,0.0,5355.0,1.74636,0.091627,IWS Database,17.0,51.0,4.0,-159.355955929,22.0776549979,Kauai,SOIL TREATMENT & SEEPAGE PIT,0.0,0.0, , , ,17.0
320,0,446007004,14.0,10.0,3.0,0.0,1.0,4200.0,1.29816,0.090936,IWS Database,14.0,40.0,4.0,-159.356333199,22.090093377,Kauai,CESSPOOL & SEPTIC,0.0,0.0, , , ,14.0
321,1,446007004,14.0,10.0,3.0,0.0,1.0,4200.0,1.29816,0.090936,IWS Database,14.0,40.0,4.0,-159.353679113,22.088575925,Kauai,CESSPOOL & SEPTIC,0.0,0.0, , , ,14.0
322,2,446007004,14.0,10.0,3.0,0.0,1.0,4200.0,1.29816,0.090936,IWS Database,14.0,40.0,4.0,-159.353311808,22.0885510229,Kauai,CESSPOOL & SEPTIC,0.0,0.0, , , ,14.0
323,3,446007004,14.0,10.0,3.0,0.0,1.0,4200.0,1.29816,0.090936,IWS Database,14.0,40.0,4.0,-159.353956148,22.0903066162,Kauai,CESSPOOL & SEPTIC,0.0,0.0, , , ,14.0
324,4,446007004,14.0,10.0,3.0,0.0,1.0,4200.0,1.29816,0.090936,IWS Database,14.0,40.0,4.0,-159.355182573,22.0915392668,Kauai,CESSPOOL & SEPTIC,0.0,0.0, , , ,14.0
325,5,446007004,14.0,10.0,3.0,0.0,1.0,4200.0,1.29816,0.090936,IWS Database,14.0,40.0,4.0,-159.355767771,22.091143947,Kauai,CESSPOOL & SEPTIC,0.0,0.0, , , ,14.0
326,6,446007004,14.0,10.0,3.0,0.0,1.0,4200.0,1.29816,0.090936,IWS Database,14.0,40.0,4.0,-159.355948311,22.0917851744,Kauai,CESSPOOL & SEPTIC,0.0,0.0, , , ,14.0
327,7,446007004,14.0,10.0,3.0,0.0,1.0,4200.0,1.29816,0.090936,IWS Database,14.0,40.0,4.0,-159.356377871,22.0918349784,Kauai,CESSPOOL & SEPTIC,0.0,0.0, , , ,14.0
328,8,446007004,14.0,10.0,3.0,0.0,1.0,4200.0,1.29816,0.090936,IWS Database,14.0,40.0,4.0,-159.356860348,22.0914209821,Kauai,CESSPOOL & SEPTIC,0.0,0.0, , , ,14.0
329,9,446007004,14.0,10.0,3.0,0.0,1.0,4200.0,1.29816,0.090936,IWS Database,14.0,40.0,4.0,-159.356994196,22.0918225274,Kauai,CESSPOOL & SEPTIC,0.0,0.0, , , ,14.0
330,10,446007004,14.0,10.0,3.0,0.0,1.0,4200.0,1.29816,0.090936,IWS Database,14.0,40.0,4.0,-159.357003535,22.0920995625,Kauai,CESSPOOL & SEPTIC,0.0,0.0, , , ,14.0
331,11,446007004,14.0,10.0,3.0,0.0,1.0,4200.0,1.29816,0.090936,IWS Database,14.0,40.0,4.0,-159.358161479,22.0923828231,Kauai,CESSPOOL & SEPTIC,0.0,0.0, , , ,14.0
332,12,446007004,14.0,10.0,3.0,0.0,1.0,4200.0,1.29816,0.090936,IWS Database,14.0,40.0,4.0,-159.357293021,22.0900575959,Kauai,CESSPOOL & SEPTIC,0.0,0.0, , , ,14.0
333,13,446007004,14.0,10.0,3.0,0.0,1.0,4200.0,1.29816,0.090936,IWS Database,14.0,40.0,4.0,-159.356517945,22.0903968861,Kauai,CESSPOOL & SEPTIC,0.0,0.0, , , ,14.0
334,0,446012082,11.0,10.0,0.0,0.0,1.0,3780.0,1.056476,0.0767,IWS Database,10.0,36.0,4.0,-159.338178143,22.0989333273,Kauai,CESSPOOL & SEPTIC,0.0,0.0, , , ,11.0
335,1,446012082,11.0,10.0,0.0,0.0,1.0,3780.0,1.056476,0.0767,IWS Database,10.0,36.0,4.0,-159.339036476,22.0980413533,Kauai,CESSPOOL & SEPTIC,0.0,0.0, , , ,11.0
336,2,446012082,11.0,10.0,0.0,0.0,1.0,3780.0,1.056476,0.0767,IWS Database,10.0,36.0,4.0,-159.338837879,22.0979730858,Kauai,CESSPOOL & SEPTIC,0.0,0.0, , , ,11.0
337,3,446012082,11.0,10.0,0.0,0.0,1.0,3780.0,1.056476,0.0767,IWS Database,10.0,36.0,4.0,-159.338912353,22.0978241386,Kauai,CESSPOOL & SEPTIC,0.0,0.0, , , ,11.0
338,4,446012082,11.0,10.0,0.0,0.0,1.0,3780.0,1.056476,0.0767,IWS Database,10.0,36.0,4.0,-159.338837879,22.0976193362,Kauai,CESSPOOL & SEPTIC,0.0,0.0, , , ,11.0
339,5,446012082,11.0,10.0,0.0,0.0,1.0,3780.0,1.056476,0.0767,IWS Database,10.0,36.0,4.0,-159.338620665,22.0972221436,Kauai,CESSPOOL & SEPTIC,0.0,0.0, , , ,11.0
340,6,446012082,11.0,10.0,0.0,0.0,1.0,3780.0,1.056476,0.0767,IWS Database,10.0,36.0,4.0,-159.338248297,22.0965891179,Kauai,CESSPOOL & SEPTIC,0.0,0.0, , , ,11.0
341,7,446012082,11.0,10.0,0.0,0.0,1.0,3780.0,1.056476,0.0767,IWS Database,10.0,36.0,4.0,-159.338080731,22.096266399,Kauai,CESSPOOL & SEPTIC,0.0,0.0, , , ,11.0
342,8,446012082,11.0,10.0,0.0,0.0,1.0,3780.0,1.056476,0.0767,IWS Database,10.0,36.0,4.0,-159.337950402,22.0960057414,Kauai,CESSPOOL & SEPTIC,0.0,0.0, , , ,11.0
343,9,446012082,11.0,10.0,0.0,0.0,1.0,3780.0,1.056476,0.0767,IWS Database,10.0,36.0,4.0,-159.337844898,22.0957699083,Kauai,CESSPOOL & SEPTIC,0.0,0.0, , , ,11.0
344,10,446012082,11.0,10.0,0.0,0.0,1.0,3780.0,1.056476,0.0767,IWS Database,10.0,36.0,4.0,-159.337714569,22.0955092507,Kauai,CESSPOOL & SEPTIC,0.0,0.0, , , ,11.0
345,0,446015012,10.0,0.0,1.0,0.0,9.0,3255.0,1.970968,0.409427,DWELDAT & IWS Databases,10.0,31.0,4.0,-159.314415555,22.0894160698,Kauai,CESSPOOL & SEPTIC,0.0,0.0, , , ,10.0
346,1,446015012,10.0,0.0,1.0,0.0,9.0,3255.0,1.970968,0.409427,DWELDAT & IWS Databases,10.0,31.0,4.0,-159.314400267,22.0892408477,Kauai,CESSPOOL & SEPTIC,0.0,0.0, , , ,10.0
347,2,446015012,10.0,0.0,1.0,0.0,9.0,3255.0,1.970968,0.409427,DWELDAT & IWS Databases,10.0,31.0,4.0,-159.31417683,22.089125601,Kauai,CESSPOOL & SEPTIC,0.0,0.0, , , ,10.0
348,3,446015012,10.0,0.0,1.0,0.0,9.0,3255.0,1.970968,0.409427,DWELDAT & IWS Databases,10.0,31.0,4.0,-159.314113326,22.0892831833,Kauai,CESSPOOL & SEPTIC,0.0,0.0, , , ,10.0
349,4,446015012,10.0,0.0,1.0,0.0,9.0,3255.0,1.970968,0.409427,DWELDAT & IWS Databases,10.0,31.0,4.0,-159.31411803,22.0894642853,Kauai,CESSPOOL & SEPTIC,0.0,0.0, , , ,10.0
350,5,446015012,10.0,0.0,1.0,0.0,9.0,3255.0,1.970968,0.409427,DWELDAT & IWS Databases,10.0,31.0,4.0,-159.314277965,22.0895983478,Kauai,CESSPOOL & SEPTIC,0.0,0.0, , , ,10.0
351,6,446015012,10.0,0.0,1.0,0.0,9.0,3255.0,1.970968,0.409427,DWELDAT & IWS Databases,10.0,31.0,4.0,-159.314449659,22.0896830188,Kauai,CESSPOOL & SEPTIC,0.0,0.0, , , ,10.0
352,7,446015012,10.0,0.0,1.0,0.0,9.0,3255.0,1.970968,0.409427,DWELDAT & IWS Databases,10.0,31.0,4.0,-159.314640169,22.089758282,Kauai,CESSPOOL & SEPTIC,0.0,0.0, , , ,10.0
353,8,446015012,10.0,0.0,1.0,0.0,9.0,3255.0,1.970968,0.409427,DWELDAT & IWS Databases,10.0,31.0,4.0,-159.314673096,22.0895395484,Kauai,CESSPOOL & SEPTIC,0.0,0.0, , , ,10.0
354,9,446015012,10.0,0.0,1.0,0.0,9.0,3255.0,1.970968,0.409427,DWELDAT & IWS Databases,10.0,31.0,4.0,-159.31471308,22.0894054859,Kauai,CESSPOOL & SEPTIC,0.0,0.0, , , ,10.0
355,0,446015013,10.0,1.0,0.0,0.0,-10.0,2625.0,1.6443,0.3591,DWELDAT & IWS Databases,10.0,25.0,4.0,-159.315182334,22.0898479314,Kauai,CESSPOOL,0.0,0.0, , , ,-9.0
356,0,446034013,18.0,0.0,17.0,1.0,0.0,10080.0,4.209408,0.268531,IWS and Cesspool Database,26.0,96.0,4.0,-159.327678458,22.082833969,Kauai,SEEPAGE PIT,0.0,0.0, , , ,18.0
357,1,446034013,18.0,0.0,17.0,1.0,0.0,10080.0,4.209408,0.268531,IWS and Cesspool Database,26.0,96.0,4.0,-159.327688561,22.0827298237,Kauai,SEEPAGE PIT,0.0,0.0, , , ,18.0
358,2,446034013,18.0,0.0,17.0,1.0,0.0,10080.0,4.209408,0.268531,IWS and Cesspool Database,26.0,96.0,4.0,-159.327745133,22.0826166783,Kauai,SEEPAGE PIT,0.0,0.0, , , ,18.0
359,3,446034013,18.0,0.0,17.0,1.0,0.0,10080.0,4.209408,0.268531,IWS and Cesspool Database,26.0,96.0,4.0,-159.327734847,22.082467532,Kauai,SEEPAGE PIT,0.0,0.0, , , ,18.0
360,4,446034013,18.0,0.0,17.0,1.0,0.0,10080.0,4.209408,0.268531,IWS and Cesspool Database,26.0,96.0,4.0,-159.327801706,22.0823543865,Kauai,SEEPAGE PIT,0.0,0.0, , , ,18.0
361,5,446034013,18.0,0.0,17.0,1.0,0.0,10080.0,4.209408,0.268531,IWS and Cesspool Database,26.0,96.0,4.0,-159.327822278,22.0822206691,Kauai,SEEPAGE PIT,0.0,0.0, , , ,18.0
362,6,446034013,18.0,0.0,17.0,1.0,0.0,10080.0,4.209408,0.268531,IWS and Cesspool Database,26.0,96.0,4.0,-159.327817135,22.0821229526,Kauai,SEEPAGE PIT,0.0,0.0, , , ,18.0
363,7,446034013,18.0,0.0,17.0,1.0,0.0,10080.0,4.209408,0.268531,IWS and Cesspool Database,26.0,96.0,4.0,-159.327853136,22.0819635204,Kauai,SEEPAGE PIT,0.0,0.0, , , ,18.0
364,8,446034013,18.0,0.0,17.0,1.0,0.0,10080.0,4.209408,0.268531,IWS and Cesspool Database,26.0,96.0,4.0,-159.328018979,22.0818823957,Kauai,SEEPAGE PIT,0.0,0.0, , , ,18.0
365,9,446034013,18.0,0.0,17.0,1.0,0.0,10080.0,4.209408,0.268531,IWS and Cesspool Database,26.0,96.0,4.0,-159.328148556,22.0818934235,Kauai,SEEPAGE PIT,0.0,0.0, , , ,18.0
366,10,446034013,18.0,0.0,17.0,1.0,0.0,10080.0,4.209408,0.268531,IWS and Cesspool Database,26.0,96.0,4.0,-159.328275376,22.0819016944,Kauai,SEEPAGE PIT,0.0,0.0, , , ,18.0
367,11,446034013,18.0,0.0,17.0,1.0,0.0,10080.0,4.209408,0.268531,IWS and Cesspool Database,26.0,96.0,4.0,-159.328269862,22.0820836535,Kauai,SEEPAGE PIT,0.0,0.0, , , ,18.0
368,12,446034013,18.0,0.0,17.0,1.0,0.0,10080.0,4.209408,0.268531,IWS and Cesspool Database,26.0,96.0,4.0,-159.32828089,22.0822104734,Kauai,SEEPAGE PIT,0.0,0.0, , , ,18.0
369,13,446034013,18.0,0.0,17.0,1.0,0.0,10080.0,4.209408,0.268531,IWS and Cesspool Database,26.0,96.0,4.0,-159.328206452,22.082362106,Kauai,SEEPAGE PIT,0.0,0.0, , , ,18.0
370,14,446034013,18.0,0.0,17.0,1.0,0.0,10080.0,4.209408,0.268531,IWS and Cesspool Database,26.0,96.0,4.0,-159.328206452,22.082483412,Kauai,SEEPAGE PIT,0.0,0.0, , , ,18.0
371,15,446034013,18.0,0.0,17.0,1.0,0.0,10080.0,4.209408,0.268531,IWS and Cesspool Database,26.0,96.0,4.0,-159.32818164,22.0826653711,Kauai,SEEPAGE PIT,0.0,0.0, , , ,18.0
372,16,446034013,18.0,0.0,17.0,1.0,0.0,10080.0,4.209408,0.268531,IWS and Cesspool Database,26.0,96.0,4.0,-159.32811823,22.0828390593,Kauai,SEEPAGE PIT,0.0,0.0, , , ,18.0
373,17,446034013,18.0,0.0,17.0,1.0,0.0,10080.0,4.209408,0.268531,IWS and Cesspool Database,26.0,96.0,4.0,-159.328087903,22.0829686362,Kauai,SEEPAGE PIT,0.0,0.0, , , ,18.0
374,0,446039027,13.0,7.0,0.0,0.0,6.0,1155.0,0.486166,0.078298,IWS Database,5.0,11.0,4.0,-159.332384482,22.0996694832,Kauai,CESSPOOL & SEPTIC,0.0,0.0, , , ,13.0
375,1,446039027,13.0,7.0,0.0,0.0,6.0,1155.0,0.486166,0.078298,IWS Database,5.0,11.0,4.0,-159.332121141,22.0997103588,Kauai,CESSPOOL & SEPTIC,0.0,0.0, , , ,13.0
376,2,446039027,13.0,7.0,0.0,0.0,6.0,1155.0,0.486166,0.078298,IWS Database,5.0,11.0,4.0,-159.332039686,22.0997592322,Kauai,CESSPOOL & SEPTIC,0.0,0.0, , , ,13.0
377,3,446039027,13.0,7.0,0.0,0.0,6.0,1155.0,0.486166,0.078298,IWS Database,5.0,11.0,4.0,-159.332007103,22.0999384344,Kauai,CESSPOOL & SEPTIC,0.0,0.0, , , ,13.0
378,4,446039027,13.0,7.0,0.0,0.0,6.0,1155.0,0.486166,0.078298,IWS Database,5.0,11.0,4.0,-159.331436914,22.1007855723,Kauai,CESSPOOL & SEPTIC,0.0,0.0, , , ,13.0
379,5,446039027,13.0,7.0,0.0,0.0,6.0,1155.0,0.486166,0.078298,IWS Database,5.0,11.0,4.0,-159.331632408,22.1005140538,Kauai,CESSPOOL & SEPTIC,0.0,0.0, , , ,13.0
380,6,446039027,13.0,7.0,0.0,0.0,6.0,1155.0,0.486166,0.078298,IWS Database,5.0,11.0,4.0,-159.331572674,22.1005792182,Kauai,CESSPOOL & SEPTIC,0.0,0.0, , , ,13.0
381,7,446039027,13.0,7.0,0.0,0.0,6.0,1155.0,0.486166,0.078298,IWS Database,5.0,11.0,4.0,-159.3315238,22.1006443827,Kauai,CESSPOOL & SEPTIC,0.0,0.0, , , ,13.0
382,8,446039027,13.0,7.0,0.0,0.0,6.0,1155.0,0.486166,0.078298,IWS Database,5.0,11.0,4.0,-159.331594395,22.1007529901,Kauai,CESSPOOL & SEPTIC,0.0,0.0, , , ,13.0
383,9,446039027,13.0,7.0,0.0,0.0,6.0,1155.0,0.486166,0.078298,IWS Database,5.0,11.0,4.0,-159.331643268,22.1006823953,Kauai,CESSPOOL & SEPTIC,0.0,0.0, , , ,13.0
384,10,446039027,13.0,7.0,0.0,0.0,6.0,1155.0,0.486166,0.078298,IWS Database,5.0,11.0,4.0,-159.331697572,22.1006172308,Kauai,CESSPOOL & SEPTIC,0.0,0.0, , , ,13.0
385,11,446039027,13.0,7.0,0.0,0.0,6.0,1155.0,0.486166,0.078298,IWS Database,5.0,11.0,4.0,-159.332039686,22.0999981685,Kauai,CESSPOOL & SEPTIC,0.0,0.0, , , ,13.0
386,12,446039027,13.0,7.0,0.0,0.0,6.0,1155.0,0.486166,0.078298,IWS Database,5.0,11.0,4.0,-159.33151294,22.100780142,Kauai,CESSPOOL & SEPTIC,0.0,0.0, , , ,13.0
387,0,449009012,18.0,11.0,0.0,0.0,7.0,1890.0,0.743148,0.110527,IWS Database,8.0,18.0,4.0,-159.319061698,22.1797695281,Kauai,CESSPOOL & SEPTIC,0.0,0.0, , , ,18.0
388,1,449009012,18.0,11.0,0.0,0.0,7.0,1890.0,0.743148,0.110527,IWS Database,8.0,18.0,4.0,-159.321628628,22.175356314,Kauai,CESSPOOL & SEPTIC,0.0,0.0, , , ,18.0
389,2,449009012,18.0,11.0,0.0,0.0,7.0,1890.0,0.743148,0.110527,IWS Database,8.0,18.0,4.0,-159.321001109,22.1751176257,Kauai,CESSPOOL & SEPTIC,0.0,0.0, , , ,18.0
390,3,449009012,18.0,11.0,0.0,0.0,7.0,1890.0,0.743148,0.110527,IWS Database,8.0,18.0,4.0,-159.32159398,22.1754949071,Kauai,CESSPOOL & SEPTIC,0.0,0.0, , , ,18.0
391,4,449009012,18.0,11.0,0.0,0.0,7.0,1890.0,0.743148,0.110527,IWS Database,8.0,18.0,4.0,-159.322575681,22.1742552682,Kauai,CESSPOOL & SEPTIC,0.0,0.0, , , ,18.0
392,5,449009012,18.0,11.0,0.0,0.0,7.0,1890.0,0.743148,0.110527,IWS Database,8.0,18.0,4.0,-159.323900016,22.1737201446,Kauai,CESSPOOL & SEPTIC,0.0,0.0, , , ,18.0
393,6,449009012,18.0,11.0,0.0,0.0,7.0,1890.0,0.743148,0.110527,IWS Database,8.0,18.0,4.0,-159.324200301,22.17604543,Kauai,CESSPOOL & SEPTIC,0.0,0.0, , , ,18.0
394,7,449009012,18.0,11.0,0.0,0.0,7.0,1890.0,0.743148,0.110527,IWS Database,8.0,18.0,4.0,-159.322560282,22.1778586906,Kauai,CESSPOOL & SEPTIC,0.0,0.0, , , ,18.0
395,8,449009012,18.0,11.0,0.0,0.0,7.0,1890.0,0.743148,0.110527,IWS Database,8.0,18.0,4.0,-159.32199821,22.1782898693,Kauai,CESSPOOL & SEPTIC,0.0,0.0, , , ,18.0
396,9,449009012,18.0,11.0,0.0,0.0,7.0,1890.0,0.743148,0.110527,IWS Database,8.0,18.0,4.0,-159.320658476,22.1778971887,Kauai,CESSPOOL & SEPTIC,0.0,0.0, , , ,18.0
397,10,449009012,18.0,11.0,0.0,0.0,7.0,1890.0,0.743148,0.110527,IWS Database,8.0,18.0,4.0,-159.319167034,22.1800067571,Kauai,CESSPOOL & SEPTIC,0.0,0.0, , , ,18.0
398,11,449009012,18.0,11.0,0.0,0.0,7.0,1890.0,0.743148,0.110527,IWS Database,8.0,18.0,4.0,-159.317394336,22.1817616096,Kauai,CESSPOOL & SEPTIC,0.0,0.0, , , ,18.0
399,12,449009012,18.0,11.0,0.0,0.0,7.0,1890.0,0.743148,0.110527,IWS Database,8.0,18.0,4.0,-159.317281311,22.1821542207,Kauai,CESSPOOL & SEPTIC,0.0,0.0, , , ,18.0
400,13,449009012,18.0,11.0,0.0,0.0,7.0,1890.0,0.743148,0.110527,IWS Database,8.0,18.0,4.0,-159.316870854,22.1825289858,Kauai,CESSPOOL & SEPTIC,0.0,0.0, , , ,18.0
401,14,449009012,18.0,11.0,0.0,0.0,7.0,1890.0,0.743148,0.110527,IWS Database,8.0,18.0,4.0,-159.318578117,22.1814582283,Kauai,CESSPOOL & SEPTIC,0.0,0.0, , , ,18.0
402,15,449009012,18.0,11.0,0.0,0.0,7.0,1890.0,0.743148,0.110527,IWS Database,8.0,18.0,4.0,-159.318131968,22.1824754479,Kauai,CESSPOOL & SEPTIC,0.0,0.0, , , ,18.0
403,16,449009012,18.0,11.0,0.0,0.0,7.0,1890.0,0.743148,0.110527,IWS Database,8.0,18.0,4.0,-159.319089702,22.1849381901,Kauai,CESSPOOL & SEPTIC,0.0,0.0, , , ,18.0
404,17,449009012,18.0,11.0,0.0,0.0,7.0,1890.0,0.743148,0.110527,IWS Database,8.0,18.0,4.0,-159.323354885,22.1818567881,Kauai,CESSPOOL & SEPTIC,0.0,0.0, , , ,18.0
405,0,451005117,14.0,11.0,0.0,0.0,3.0,4095.0,1.33731,0.147841,IWS Database,13.0,39.0,5.0,-159.382245433,22.2020987799,Kauai,CESSPOOL & SEPTIC,0.0,0.0, , , ,14.0
406,1,451005117,14.0,11.0,0.0,0.0,3.0,4095.0,1.33731,0.147841,IWS Database,13.0,39.0,5.0,-159.382477394,22.201664987,Kauai,CESSPOOL & SEPTIC,0.0,0.0, , , ,14.0
407,2,451005117,14.0,11.0,0.0,0.0,3.0,4095.0,1.33731,0.147841,IWS Database,13.0,39.0,5.0,-159.381830181,22.201541255,Kauai,CESSPOOL & SEPTIC,0.0,0.0, , , ,14.0
408,3,451005117,14.0,11.0,0.0,0.0,3.0,4095.0,1.33731,0.147841,IWS Database,13.0,39.0,5.0,-159.381649342,22.2005228457,Kauai,CESSPOOL & SEPTIC,0.0,0.0, , , ,14.0
409,4,451005117,14.0,11.0,0.0,0.0,3.0,4095.0,1.33731,0.147841,IWS Database,13.0,39.0,5.0,-159.382734376,22.200199239,Kauai,CESSPOOL & SEPTIC,0.0,0.0, , , ,14.0
410,5,451005117,14.0,11.0,0.0,0.0,3.0,4095.0,1.33731,0.147841,IWS Database,13.0,39.0,5.0,-159.381830181,22.1995996148,Kauai,CESSPOOL & SEPTIC,0.0,0.0, , , ,14.0
411,6,451005117,14.0,11.0,0.0,0.0,3.0,4095.0,1.33731,0.147841,IWS Database,13.0,39.0,5.0,-159.381982466,22.1985621698,Kauai,CESSPOOL & SEPTIC,0.0,0.0, , , ,14.0
412,7,451005117,14.0,11.0,0.0,0.0,3.0,4095.0,1.33731,0.147841,IWS Database,13.0,39.0,5.0,-159.382915215,22.1983813308,Kauai,CESSPOOL & SEPTIC,0.0,0.0, , , ,14.0
413,8,451005117,14.0,11.0,0.0,0.0,3.0,4095.0,1.33731,0.147841,IWS Database,13.0,39.0,5.0,-159.383866999,22.1983718129,Kauai,CESSPOOL & SEPTIC,0.0,0.0, , , ,14.0
414,9,451005117,14.0,11.0,0.0,0.0,3.0,4095.0,1.33731,0.147841,IWS Database,13.0,39.0,5.0,-159.385018658,22.2000374356,Kauai,CESSPOOL & SEPTIC,0.0,0.0, , , ,14.0
415,10,451005117,14.0,11.0,0.0,0.0,3.0,4095.0,1.33731,0.147841,IWS Database,13.0,39.0,5.0,-159.383866999,22.1999708107,Kauai,CESSPOOL & SEPTIC,0.0,0.0, , , ,14.0
416,11,451005117,14.0,11.0,0.0,0.0,3.0,4095.0,1.33731,0.147841,IWS Database,13.0,39.0,5.0,-159.383667124,22.2005228457,Kauai,CESSPOOL & SEPTIC,0.0,0.0, , , ,14.0
417,12,451005117,14.0,11.0,0.0,0.0,3.0,4095.0,1.33731,0.147841,IWS Database,13.0,39.0,5.0,-159.383857481,22.2017030583,Kauai,CESSPOOL & SEPTIC,0.0,0.0, , , ,14.0
418,13,451005117,14.0,11.0,0.0,0.0,3.0,4095.0,1.33731,0.147841,IWS Database,13.0,39.0,5.0,-159.383533875,22.201236684,Kauai,CESSPOOL & SEPTIC,0.0,0.0, , , ,14.0
419,0,452002011,12.0,11.0,0.0,0.0,1.0,2730.0,0.755118,0.052744,IWS Database,6.0,26.0,5.0,-159.410191927,22.189298555,Kauai,CESSPOOL & SEPTIC,0.0,0.0, , , ,12.0
420,1,452002011,12.0,11.0,0.0,0.0,1.0,2730.0,0.755118,0.052744,IWS Database,6.0,26.0,5.0,-159.409606798,22.1894358694,Kauai,CESSPOOL & SEPTIC,0.0,0.0, , , ,12.0
421,2,452002011,12.0,11.0,0.0,0.0,1.0,2730.0,0.755118,0.052744,IWS Database,6.0,26.0,5.0,-159.409196154,22.1898230481,Kauai,CESSPOOL & SEPTIC,0.0,0.0, , , ,12.0
422,3,452002011,12.0,11.0,0.0,0.0,1.0,2730.0,0.755118,0.052744,IWS Database,6.0,26.0,5.0,-159.415121162,22.1899873057,Kauai,CESSPOOL & SEPTIC,0.0,0.0, , , ,12.0
423,4,452002011,12.0,11.0,0.0,0.0,1.0,2730.0,0.755118,0.052744,IWS Database,6.0,26.0,5.0,-159.412657297,22.1904918113,Kauai,CESSPOOL & SEPTIC,0.0,0.0, , , ,12.0
424,5,452002011,12.0,11.0,0.0,0.0,1.0,2730.0,0.755118,0.052744,IWS Database,6.0,26.0,5.0,-159.413865764,22.1925332991,Kauai,CESSPOOL & SEPTIC,0.0,0.0, , , ,12.0
425,6,452002011,12.0,11.0,0.0,0.0,1.0,2730.0,0.755118,0.052744,IWS Database,6.0,26.0,5.0,-159.413619378,22.1935305776,Kauai,CESSPOOL & SEPTIC,0.0,0.0, , , ,12.0
426,7,452002011,12.0,11.0,0.0,0.0,1.0,2730.0,0.755118,0.052744,IWS Database,6.0,26.0,5.0,-159.415742994,22.1942110735,Kauai,CESSPOOL & SEPTIC,0.0,0.0, , , ,12.0
427,8,452002011,12.0,11.0,0.0,0.0,1.0,2730.0,0.755118,0.052744,IWS Database,6.0,26.0,5.0,-159.399856934,22.1930847354,Kauai,CESSPOOL & SEPTIC,0.0,0.0, , , ,12.0
428,9,452002011,12.0,11.0,0.0,0.0,1.0,2730.0,0.755118,0.052744,IWS Database,6.0,26.0,5.0,-159.402144809,22.1997841004,Kauai,CESSPOOL & SEPTIC,0.0,0.0, , , ,12.0
429,10,452002011,12.0,11.0,0.0,0.0,1.0,2730.0,0.755118,0.052744,IWS Database,6.0,26.0,5.0,-159.409210283,22.1980454204,Kauai,CESSPOOL & SEPTIC,0.0,0.0, , , ,12.0
430,11,452002011,12.0,11.0,0.0,0.0,1.0,2730.0,0.755118,0.052744,IWS Database,6.0,26.0,5.0,-159.408894949,22.1985282758,Kauai,CESSPOOL & SEPTIC,0.0,0.0, , , ,12.0
431,0,453003055,10.0,5.0,0.0,0.0,5.0,735.0,0.320166,0.053449,IWS Database,2.0,7.0,5.0,-159.433685035,22.210364299,Kauai,CESSPOOL & SEPTIC,0.0,0.0, , , ,10.0
432,1,453003055,10.0,5.0,0.0,0.0,5.0,735.0,0.320166,0.053449,IWS Database,2.0,7.0,5.0,-159.434746825,22.2120150797,Kauai,CESSPOOL & SEPTIC,0.0,0.0, , , ,10.0
433,2,453003055,10.0,5.0,0.0,0.0,5.0,735.0,0.320166,0.053449,IWS Database,2.0,7.0,5.0,-159.434668303,22.2122292312,Kauai,CESSPOOL & SEPTIC,0.0,0.0, , , ,10.0
434,3,453003055,10.0,5.0,0.0,0.0,5.0,735.0,0.320166,0.053449,IWS Database,2.0,7.0,5.0,-159.434575504,22.2123077534,Kauai,CESSPOOL & SEPTIC,0.0,0.0, , , ,10.0
435,4,453003055,10.0,5.0,0.0,0.0,5.0,735.0,0.320166,0.053449,IWS Database,2.0,7.0,5.0,-159.433190658,22.2116724373,Kauai,CESSPOOL & SEPTIC,0.0,0.0, , , ,10.0
436,5,453003055,10.0,5.0,0.0,0.0,5.0,735.0,0.320166,0.053449,IWS Database,2.0,7.0,5.0,-159.433069305,22.2115724999,Kauai,CESSPOOL & SEPTIC,0.0,0.0, , , ,10.0
437,6,453003055,10.0,5.0,0.0,0.0,5.0,735.0,0.320166,0.053449,IWS Database,2.0,7.0,5.0,-159.433590407,22.2104160819,Kauai,CESSPOOL & SEPTIC,0.0,0.0, , , ,10.0
438,7,453003055,10.0,5.0,0.0,0.0,5.0,735.0,0.320166,0.053449,IWS Database,2.0,7.0,5.0,-159.432740939,22.2112441343,Kauai,CESSPOOL & SEPTIC,0.0,0.0, , , ,10.0
439,8,453003055,10.0,5.0,0.0,0.0,5.0,735.0,0.320166,0.053449,IWS Database,2.0,7.0,5.0,-159.432433989,22.2116724373,Kauai,CESSPOOL & SEPTIC,0.0,0.0, , , ,10.0
440,9,453003055,10.0,5.0,0.0,0.0,5.0,735.0,0.320166,0.053449,IWS Database,2.0,7.0,5.0,-159.432248391,22.2116652989,Kauai,CESSPOOL & SEPTIC,0.0,0.0, , , ,10.0
